no.,surfactant code,reported experimental log(CMC),ref,corrected experimental log(CMC),predicted log(CMC) eq3,predicted log(CMC) eq (Table 5),Temp_Celsius,ref_key,method
1,C6SO4Na,-0.377,24,-0.364,-0.045,-0.03,25,aniansson1976,
2,C7SO4Na,-0.658,24,-0.645,-0.351,-0.538,25,aniansson1976,
3,C9SO4Na,-1.222,24,-1.209,-0.972,-1.297,25,aniansson1976,
4,C8CO2K,-0.333,16,,-1.177,-0.512,40.0,li2004,
5,C10CO2K,-0.936,16,,-1.817,-1.368,40.0,li2004,
6,C12CO2K,-1.538,16,,-2.46,-2.009,40.0,li2004,
7,C14CO2K,-2.137,16,,-3.106,-2.551,40.0,li2004,
8,C16CO2K,-2.745,16,,-3.753,-3.04,40.0,li2004,
9,C6C(C)SO4Na,-0.745,16,,-0.525,-0.487,40.0,li2004,
10,C8C(C2)SO4Na,-1.539,16,,-1.272,-1.457,40.0,li2004,
11,C5C(C5)SO4Na,-1.081,16,,-1.062,-1.046,40.0,li2004,
12,C11C(C)SO4Na,-2.187,16,,-2.028,-2.204,40.0,li2004,
13,C6C(C6)SO4Na,-1.714,16,,-1.518,-1.797,40.0,li2004,
14,C14C(C14)SO4Na,-4.1,16,,-5.147,-4.856,40.0,li2004,
15,C10PhSO3Na,-2.509,16,,-2.507,-2.502,40.0,li2004,
16,C12PhSO3Na,-2.921,16,,-3.076,-2.955,40.0,li2004,
17,C8C(C2)PhSO3Na,-2.5,16,,-2.52,-2.36,40.0,li2004,
18,C7C(C3)PhSO3Na,-2.4,16,,-2.632,-2.473,40.0,li2004,
19,C6C(C4)PhSO3Na,-2.3,16,,-2.59,-2.395,40.0,li2004,
20,C5C(C5)PhSO3Na,-2.25,16,,-2.584,-2.359,40.0,li2004,
21,C7C(C4)PhSO3Na,-2.57,16,,-2.819,-2.632,40.0,li2004,
22,C10C(C2)PhSO3Na,-3,16,,-3.247,-3.036,40.0,li2004,
23,C9C(C3)PhSO3Na,-2.9,16,,-3.21,-2.974,40.0,li2004,
24,C8C(C4)PhSO3Na,-2.78,16,,-3.142,-2.898,40.0,li2004,
25,C7C(C5)PhSO3Na,-2.7,16,,-3.117,-2.836,40.0,li2004,
26,C6C(C6)PhSO3Na,-2.6,16,,-3.118,-2.816,40.0,li2004,
27,C12C(C)PhSO3Na,-3.39,16,,-3.697,-3.33,40.0,li2004,
28,C11C(C2)PhSO3Na,-3.28,16,,-3.591,-3.276,40.0,li2004,
29,C10C(C3)PhSO3Na,-3.15,16,,-3.507,-3.21,40.0,li2004,
30,C9C(C4)PhSO3Na,-3.05,16,,-3.425,-3.137,40.0,li2004,
31,C8C(C5)PhSO3Na,-2.9,16,,-3.351,-3.032,40.0,li2004,
32,C7C(C6)PhSO3Na,-2.8,16,,-3.387,-3.039,40.0,li2004,
33,C10EO2SO4Na,-1.910,15,-1.9254,-2.108,-2.12,25,roberts2002,
34,C12EO4SO4Na,-2.770,26,-2.7849,-3.333,-2.869,25,rosen1996,
35,C14EOSO4Na,-2.857,26,-2.8723,-3.045,-2.705,25,rosen1996,
36,C14EO2SO4Na,-3.070,15,-3.0854,-3.38,-2.989,25,roberts2002,
37,C14EO4SO4Na,-3.160,26,-3.1753,-3.97,-3.279,25,rosen1996,
38,C16EO2SO4Na,-3.638,10,,-4.017,-3.406,40.0,bazito2001,
39,C8CO2C2SO3Na,-1.312,16,,-1.13,-1.288,40.0,li2004,
40,C10CO2C2SO3Na,-1.883,16,,-1.733,-1.822,40.0,li2004,
41,C12CO2C2SO3Na,-2.523,16,,-2.342,-2.299,40.0,li2004,
42,CF4C2C(C3)SO4Na,-1.602,6,-1.702,-1.819,-1.876,25,miyazawa2003,
43,CF6C2C(C3)SO4Na,-2.398,6,-2.498,-2.808,-2.588,25,miyazawa2003,
44,CF8C2C(C3)SO4Na,-3.328,6,-3.42,-3.804,-3.204,25,miyazawa2003,
45,CF4C2C(C5)SO4Na,-2.041,6,-2.141,-2.199,-2.291,25,miyazawa2003,
46,CF6C2C(C5)SO4Na,-2.921,6,-3.021,-3.182,-2.942,25,miyazawa2003,
47,CF8C2C(C5)SO4Na,-3.796,6,-3.896,-4.052,-3.48,25,miyazawa2003,
48,CF4C2C(C7)SO4Na,-2.387,6,-2.487,-2.579,-2.681,25,miyazawa2003,
49,CF6C2C(C7)SO4Na,-3.301,6,-3.401,-3.549,-3.283,25,miyazawa2003,
50,CF8C2C(C7)SO4Na,-4.155,6,-4.255,-4.54,-3.85,25,miyazawa2003,
51,CC(C)C5PhEO10PO4H2,-1.796,23,,-2.802,-1.101,40.0,alsabagh2000,
52,CC(C)C5PhEO15PO4H2,-1.77,23,,-3.902,-1.717,40.0,alsabagh2000,
53,CC(C)C5PhEO20PO4H2,-1.745,23,,-4.62,-2.128,40.0,alsabagh2000,
54,C7C(O)NGlupyrSO4Na,-1.602,10,,-1.214,-1.375,40.0,bazito2001,
55,C11C(O)NGlupyrSO4Na,-2.77,10,,-2.394,-2.251,40.0,bazito2001,
56,C15C(O)NGlupyrSO4Na,-3.921,10,,-3.587,-3.061,40.0,bazito2001,
57,C5PhePhSO3Na,-1.854,2,-1.817,-2.757,-2.038,25,baczko2004,
58,C8PhePhSO3Na,-2.854,2,-2.817,-3.289,-2.903,25,baczko2004,
59,C10PhePhSO3Na,-3.481,2,-3.445,-3.847,-3.494,25,baczko2004,
60,C12PheSO3Na,-4.201,2,-4.164,-3.563,-3.31,25,baczko2004,
61,C14PhePhSO3Na,-4.796,2,-4.759,-4.933,-4.498,25,baczko2004,
62,C12AlaPhSO3Na,-3.387,2,-3.351,-4.035,-3.359,25,baczko2004,
63,C6SO3Na,-0.496,13,,-0.025,0.183,40.0,huibers1997,
64,C8SO3Na,-0.796,13,,-0.631,-0.961,40.0,huibers1997,
65,C10SO3Na,-1.398,13,,-1.21,-1.684,40.0,huibers1997,
66,C12SO3Na,-1.959,13,,-1.876,-2.28,40.0,huibers1997,
67,C13SO3Na,-2.421,13,,-2.193,-2.539,40.0,huibers1997,
68,C14SO3Na,-2.602,13,,-2.509,-2.785,40.0,huibers1997,
69,C15SO3Na,-3.139,13,,-2.827,-3.022,40.0,huibers1997,
70,C16SO3Na,-3.131,13,,-3.145,-3.25,40.0,huibers1997,
71,C17SO3Na,-3.635,13,,-3.432,-3.459,40.0,huibers1997,
72,C10CdCSO3Na,-1.886,13,,-1.778,-2.13,40.0,huibers1997,
73,C12CdCSO3Na,-2.569,13,,-2.412,-2.644,40.0,huibers1997,
74,C14CdCSO3Na,-3.215,13,,-3.049,-3.115,40.0,huibers1997,
75,C16CdCSO3Na,-3.745,13,,-3.688,-3.561,40.0,huibers1997,
76,C10C(C)SO3Na,-1.827,13,,-1.699,-1.757,40.0,huibers1997,
77,C9C(C2)SO3Na,-1.73,13,,-1.529,-1.635,40.0,huibers1997,
78,C8C(C3)SO3Na,-1.635,13,,-1.429,-1.521,40.0,huibers1997,
79,C7C(C4)SO3Na,-1.548,13,,-1.403,-1.455,40.0,huibers1997,
80,C6C(C5)SO3Na,-1.442,13,,-1.326,-1.375,40.0,huibers1997,
81,C7C(C7)SO3Na,-2.144,13,,-2.052,-2.197,40.0,huibers1997,
82,C7PhSO3Na,-1.582,13,,-1.591,-1.688,40.0,huibers1997,
83,C8PhSO3Na,-1.907,13,,-1.893,-1.978,40.0,huibers1997,
84,C6C(C2)PhSO3Na,-1.967,13,,-2.077,-2.01,40.0,huibers1997,
85,C8C(C)PhSO3Na,-2.303,13,,-2.428,-2.369,40.0,huibers1997,
86,C7C(C2)PhSO3Na,-2.2,13,,-2.469,-2.578,40.0,huibers1997,
87,C5C(C4)PhSO3Na,-2.047,13,,-2.31,-2.129,40.0,huibers1997,
88,C9C(C)PhSO3Na,-2.721,13,,-2.725,-2.617,40.0,huibers1997,
89,C10C(C)PhSO3Na,-2.692,13,,-3.027,-2.856,40.0,huibers1997,
90,C9C(C2)PhSO3Na,-2.606,13,,-2.947,-2.798,40.0,huibers1997,
91,C8C(C3)PhSO3Na,-2.721,13,,-2.881,-2.722,40.0,huibers1997,
92,C6C(C5)PhSO3Na,-2.585,13,,-2.839,-2.592,40.0,huibers1997,
93,C11C(C)PhSO3Na,-3.208,13,,-3.329,-3.084,40.0,huibers1997,
94,C13C(C)PhSO3Na,-3.577,13,,-3.94,-3.522,40.0,huibers1997,
95,C8SO4Na,-0.854,13,,-0.658,-0.948,40.0,huibers1997,
96,C10SO4Na,-1.481,13,,-1.284,-1.604,40.0,huibers1997,
97,C11SO4Na,-1.783,13,,-1.599,-1.884,40.0,huibers1997,
98,C12SO4Na,-2.066,13,,-1.915,-2.145,40.0,huibers1997,
99,C13SO4Na,-2.367,13,,-2.232,-2.393,40.0,huibers1997,
100,C14SO4Na,-2.658,13,,-2.551,-2.631,40.0,huibers1997,
101,C15SO4Na,-2.921,13,,-2.869,-2.86,40.0,huibers1997,
102,C16SO4Na,-3.237,13,,-3.189,-3.084,40.0,huibers1997,
103,C18SO4Na,-3.796,13,,-3.83,-3.519,40.0,huibers1997,
104,C8C(C)SO4Na,-1.328,13,,-1.123,-1.318,40.0,huibers1997,
105,C12C(C)SO4Na,-2.481,13,,-2.215,-2.397,40.0,huibers1997,
106,C11C(C2)SO4Na,-2.367,13,,-2.132,-2.332,40.0,huibers1997,
107,C10C(C3)SO4Na,-2.288,13,,-1.919,-2.215,40.0,huibers1997,
108,C9C(C4)SO4Na,-2.171,13,,-1.933,-2.182,40.0,huibers1997,
109,C7C(C6)SO4Na,-2.013,13,,-1.748,-1.967,40.0,huibers1997,
110,C13C(C)SO4Na,-2.767,13,,-2.521,-2.637,40.0,huibers1997,
111,C12C(C2)SO4Na,-2.658,13,,-2.427,-2.578,40.0,huibers1997,
112,C10C(C4)SO4Na,-2.469,13,,-2.209,-2.44,40.0,huibers1997,
113,C7C(C7)SO4Na,-2.177,13,,-2.053,-2.232,40.0,huibers1997,
114,C12C(C3)SO4Na,-2.764,13,,-2.498,-2.708,40.0,huibers1997,
115,C10C(C5)SO4Na,-2.629,13,,-2.399,-2.527,40.0,huibers1997,
116,C8C(C7)SO4Na,-2.372,13,,-2.288,-2.46,40.0,huibers1997,
117,C15C(C)SO4Na,-3.31,13,,-3.142,-3.087,40.0,huibers1997,
118,C8C(C8)SO4Na,-2.629,13,,-2.444,-2.646,40.0,huibers1997,
119,C16C(C)SO4Na,-3.585,13,,-3.444,-3.307,40.0,huibers1997,
120,C14C(C3)SO4Na,-3.347,13,,-3.095,-3.159,40.0,huibers1997,
121,C12C(C5)SO4Na,-3.143,13,,-2.963,-2.98,40.0,huibers1997,
122,C9C(C9)SO4Na,-3.027,13,,-2.908,-3.043,40.0,huibers1997,
123,C14C(C4)SO4Na,-3.481,13,,-3.374,-3.352,40.0,huibers1997,
124,C13C(C)CSO4Na,-3.097,13,,-2.898,-2.874,40.0,huibers1997,
125,C12C(C2)CSO4Na,-3.046,13,,-2.757,-2.809,40.0,huibers1997,
126,C11C(C3)CSO4Na,-2.959,13,,-2.657,-2.743,40.0,huibers1997,
127,C10C(C4)CSO4Na,-2.824,13,,-2.558,-2.677,40.0,huibers1997,
128,C9C(C5)CSO4Na,-2.699,13,,-2.482,-2.615,40.0,huibers1997,
129,C8C(C6)CSO4Na,-2.638,13,,-2.414,-2.561,40.0,huibers1997,
130,C7C(C7)CSO4Na,-2.523,13,,-2.387,-2.529,40.0,huibers1997,
131,C12EOSO4Na,-2.396,13,,-2.408,-2.374,40.0,huibers1997,
132,C12EO2SO4Na,-2.553,13,,-2.74,-2.561,40.0,huibers1997,
133,C9C(OH)C2SO3Na,-1.606,13,,-1.855,-2.051,40.0,huibers1997,
134,C9C(OC)C2SO3Na,-2.118,13,,-2.103,-2.615,40.0,huibers1997,
135,C9C(OC2)C2SO3Na,-2.301,13,,-2.311,-2.877,40.0,huibers1997,
136,C9C(OC3)C2SO3Na,-2.42,13,,-2.513,-3.052,40.0,huibers1997,
137,C9C(OC(C)C)C2SO3Na,-2.458,13,,-2.591,-3.036,40.0,huibers1997,
138,C9C(OC4)C2SO3Na,-2.817,13,,-2.725,-3.228,40.0,huibers1997,
139,C9C(OC6)C2SO3Na,-3.185,13,,-3.15,-3.583,40.0,huibers1997,
140,C9C(OC8)C2SO3Na,-3.922,13,,-3.588,-3.954,40.0,huibers1997,
141,C9C(OCC(C2)C4)C2SO3Na,-3.501,13,,-3.637,-3.909,40.0,huibers1997,
142,C9C(OPh)C2SO3Na,-2.708,13,,-2.791,-3.349,40.0,huibers1997,
143,C9C(O)C2SO3Na,-1.541,13,,-1.792,-2.291,40.0,huibers1997,
144,C11C(OH)C2SO3Na,-2.199,13,,-2.478,-2.645,40.0,huibers1997,
145,C11C(OC2OH)C2SO3Na,-3.445,13,,-2.719,-2.66,40.0,huibers1997,
146,C11C(EO2)C2SO3Na,-2.922,13,,-2.662,-2.688,40.0,huibers1997,
147,C11C(OPh)C2SO3Na,-3.641,13,,-3.376,-3.892,40.0,huibers1997,
148,C11C(OPhCl3)C2SO3Na,-4.787,13,,-4.266,-4.487,40.0,huibers1997,
149,C11C(N(C)2)C2SO3Na,-2.964,13,,-3.037,-3.179,40.0,huibers1997,
150,C11C(NC3)C2SO3Na,-3.2,13,,-3.105,-3.447,40.0,huibers1997,
151,C11C(NC4)C2SO3Na,-3.708,13,,-3.306,-3.622,40.0,huibers1997,
152,C11C(morpholino)C2SO3Na,-3.106,13,,-2.733,-2.679,40.0,huibers1997,
153,C11C(piperidino)C2SO3Na,-3.31,13,,-3.435,-3.892,40.0,huibers1997,
154,C11C(O)C2SO3Na,-2.174,13,,-2.419,-2.794,40.0,huibers1997,
155,C13C(OH)C2SO3Na,-2.839,13,,-3.106,-3.162,40.0,huibers1997,
156,C13C(OC)C2SO3Na,-3.472,13,,-3.343,-3.287,40.0,huibers1997,
157,C13C(OC3)C2SO3Na,-4.089,13,,-3.728,-4.131,40.0,huibers1997,
158,C13C(OC4)C2SO3Na,-4.458,13,,-3.928,-4.3,40.0,huibers1997,
159,C13C(O)C2SO3Na,-2.735,13,,-3.05,-3.257,40.0,huibers1997,
160,C15C(OH)C2SO3Na,-3.42,13,,-3.726,-3.633,40.0,huibers1997,
161,C10EOSO3Na,-1.787,13,,-1.766,-1.828,40.0,huibers1997,
162,C10C(C(OH))SO3Na,-1.787,13,,-1.463,-1.442,40.0,huibers1997,
163,C12C(C(OH))SO3Na,-2.432,13,,-2.052,-2.096,40.0,huibers1997,
164,C6CO2CSO3Na,-0.733,13,,-0.589,-0.6,40.0,huibers1997,
165,C8CO2CSO3Na,-1.144,13,,-1.202,-1.284,40.0,huibers1997,
166,C10CO2CSO3Na,-1.621,13,,-1.822,-1.837,40.0,huibers1997,
167,C14CO2C2SO3Na,-3.046,13,,-2.959,-2.746,40.0,huibers1997,
168,C10C(CO2C)SO3Na,-1.986,13,,-2.05,-1.697,40.0,huibers1997,
169,C12C(CO2C)SO3Na,-2.583,13,,-2.646,-2.378,40.0,huibers1997,
170,C14C(CO2C)SO3Na,-3.398,13,,-3.253,-2.971,40.0,huibers1997,
171,C14C(CO2C2)SO3Na,-3.509,13,,-2.964,-3.373,40.0,huibers1997,
172,C14C(CO2C3)SO3Na,-3.964,13,,-3.634,-3.41,40.0,huibers1997,
173,C16C(CO2C)SO3Na,-4,13,,-3.868,-3.545,40.0,huibers1997,
174,C16C(CO2C2)SO3Na,-4.106,13,,-4.055,-3.8,40.0,huibers1997,
175,C16C(CO2C3)SO3Na,-4.899,13,,-4.234,-3.967,40.0,huibers1997,
176,C16C(CO2C(C)C)SO3Na,-4.569,13,,-4.262,-3.945,40.0,huibers1997,
177,C4C(C2)CCO2CC(SO3Na)-CO2CC(C2)C4,-2.566,13,,-2.789,-2.62,40.0,huibers1997,
178,C4CO2C(SO3Na)CCO2C4,-0.663,13,,-0.875,-0.86,40.0,huibers1997,
179,C5CO2C(SO3Na)CCO2C5,-1.239,13,,-1.325,-1.692,40.0,huibers1997,
180,C6CO2C(SO3Na)CCO2C6,-1.817,13,,-1.816,-1.889,40.0,huibers1997,
181,C8CO2C(SO3Na)CCO2C8,-3.131,13,,-2.767,-2.778,40.0,huibers1997,
