identifier,CMC,AW_ST_CMC,F x 10^20/ m2,source_doi,SMILES,reference_doi,Temp_Celsius,method,Molecular_Weight,InChI,Gamma_max,Area_min,pCMC
I,0.42,42.4,119.9,10.1016/0021-9797(86)90417-0,CCCCCC[N+](C)(C)CCCCCCC[N+](C)(C)CCCCCC.[Br-].[Br-],,20,tensiometry,516.4910000000002,"InChI=1S/C23H52N2.2BrH/c1-7-9-11-16-20-24(3,4)22-18-14-13-15-19-23-25(5,6)21-17-12-10-8-2;;/h7-23H2,1-6H3;2*1H/q+2;;/p-2",1.38e-06,1.199,0.37675070960209955
II,0.049,40.3,116.9,10.1016/0021-9797(86)90417-0,CCCCCCCC[N+](C)(C)CCCCCCC[N+](C)(C)CCCCCCCC.[Br-].[Br-],,20,tensiometry,572.5990000000003,"InChI=1S/C27H60N2.2BrH/c1-7-9-11-13-16-20-24-28(3,4)26-22-18-15-19-23-27-29(5,6)25-21-17-14-12-10-8-2;;/h7-27H2,1-6H3;2*1H/q+2;;/p-2",1.42e-06,1.169,1.3098039199714864
III,0.015,39.7,129.6,10.1016/0021-9797(86)90417-0,CCCCCCCCC[N+](C)(C)CCCCCCC[N+](C)(C)CCCCCCCCC.[Br-].[Br-],,20,tensiometry,600.6530000000004,"InChI=1S/C29H64N2.2BrH/c1-7-9-11-13-15-18-22-26-30(3,4)28-24-20-17-21-25-29-31(5,6)27-23-19-16-14-12-10-8-2;;/h7-29H2,1-6H3;2*1H/q+2;;/p-2",1.28e-06,1.2959999999999998,1.8239087409443189
IV,0.0077,39.5,127.6,10.1016/0021-9797(86)90417-0,CCCCCCCCCC[N+](C)(C)CCCCCCC[N+](C)(C)CCCCCCCCCC.[Br-].[Br-],,20,tensiometry,628.7070000000004,"InChI=1S/C31H68N2.2BrH/c1-7-9-11-13-15-17-20-24-28-32(3,4)30-26-22-19-23-27-31-33(5,6)29-25-21-18-16-14-12-10-8-2;;/h7-31H2,1-6H3;2*1H/q+2;;/p-2",1.3e-06,1.276,2.113509274827518
V,0.0023,40.1,100.2,10.1016/0021-9797(86)90417-0,CCCCCCCCCCC[N+](C)(C)CCCCCCC[N+](C)(C)CCCCCCCCCCC.[Br-].[Br-],,20,tensiometry,656.7610000000005,"InChI=1S/C33H72N2.2BrH/c1-7-9-11-13-15-17-19-22-26-30-34(3,4)32-28-24-21-25-29-33-35(5,6)31-27-23-20-18-16-14-12-10-8-2;;/h7-33H2,1-6H3;2*1H/q+2;;/p-2",1.66e-06,1.002,2.638272163982407
VI,0.001,40.0,114.5,10.1016/0021-9797(86)90417-0,CCCCCCCCCCCC[N+](C)(C)CCCCCCC[N+](C)(C)CCCCCCCCCCCC.[Br-].[Br-],,20,tensiometry,684.8150000000006,"InChI=1S/C35H76N2.2BrH/c1-7-9-11-13-15-17-19-21-24-28-32-36(3,4)34-30-26-23-27-31-35-37(5,6)33-29-25-22-20-18-16-14-12-10-8-2;;/h7-35H2,1-6H3;2*1H/q+2;;/p-2",1.4499999999999999e-06,1.145,3.0
VII,0.00049,39.7,122.8,10.1016/0021-9797(86)90417-0,CCCCCCCCCCCCC[N+](C)(C)CCCCCCC[N+](C)(C)CCCCCCCCCCCCC.[Br-].[Br-],,20,tensiometry,712.8690000000005,"InChI=1S/C37H80N2.2BrH/c1-7-9-11-13-15-17-19-21-23-26-30-34-38(3,4)36-32-28-25-29-33-37-39(5,6)35-31-27-24-22-20-18-16-14-12-10-8-2;;/h7-37H2,1-6H3;2*1H/q+2;;/p-2",1.35e-06,1.228,3.309803919971486
VIII,0.0002,39.6,119.9,10.1016/0021-9797(86)90417-0,CCCCCCCCCCCCCC[N+](C)(C)CCCCCCC[N+](C)(C)CCCCCCCCCCCCCC.[Br-].[Br-],,20,tensiometry,740.9230000000003,"InChI=1S/C39H84N2.2BrH/c1-7-9-11-13-15-17-19-21-23-25-28-32-36-40(3,4)38-34-30-27-31-35-39-41(5,6)37-33-29-26-24-22-20-18-16-14-12-10-8-2;;/h7-39H2,1-6H3;2*1H/q+2;;/p-2",1.38e-06,1.199,3.6989700043360187
IX,9.3e-06,36.6,104.8,10.1016/0021-9797(86)90417-0,CCCCCCCCCCCCCCCC[N+](C)(C)CCCCCCC[N+](C)(C)CCCCCCCCCCCCCCCC.[Br-].[Br-],,20,tensiometry,797.0310000000001,"InChI=1S/C43H92N2.2BrH/c1-7-9-11-13-15-17-19-21-23-25-27-29-32-36-40-44(3,4)42-38-34-31-35-39-43-45(5,6)41-37-33-30-28-26-24-22-20-18-16-14-12-10-8-2;;/h7-43H2,1-6H3;2*1H/q+2;;/p-2",1.5800000000000001e-06,1.048,5.031517051446065
X,0.037,37.1,98.3,10.1016/0021-9797(86)90417-0,CCCCCCCC[N+](C)(C)CCCN(C)CCC[N+](C)(C)CCCCCCCC.[Br-].[Br-],,20,tensiometry,587.6140000000004,"InChI=1S/C27H61N3.2BrH/c1-8-10-12-14-16-18-24-29(4,5)26-20-22-28(3)23-21-27-30(6,7)25-19-17-15-13-11-9-2;;/h8-27H2,1-7H3;2*1H/q+2;;/p-2",1.69e-06,0.9829999999999999,1.431798275933005
XI,0.015,38.0,100.0,10.1016/0021-9797(86)90417-0,CCCCCCCCC[N+](C)(C)CCCN(C)CCC[N+](C)(C)CCCCCCCCC.[Br-].[Br-],,20,tensiometry,615.6680000000005,"InChI=1S/C29H65N3.2BrH/c1-8-10-12-14-16-18-20-26-31(4,5)28-22-24-30(3)25-23-29-32(6,7)27-21-19-17-15-13-11-9-2;;/h8-29H2,1-7H3;2*1H/q+2;;/p-2",1.66e-06,1.0,1.8239087409443189
XII,0.0047,35.5,98.3,10.1016/0021-9797(86)90417-0,CCCCCCCCCC[N+](C)(C)CCCN(C)CCC[N+](C)(C)CCCCCCCCCC.[Br-].[Br-],,20,tensiometry,643.7220000000004,"InChI=1S/C31H69N3.2BrH/c1-8-10-12-14-16-18-20-22-28-33(4,5)30-24-26-32(3)27-25-31-34(6,7)29-23-21-19-17-15-13-11-9-2;;/h8-31H2,1-7H3;2*1H/q+2;;/p-2",1.69e-06,0.9829999999999999,2.3279021420642825
XIII,0.0021,37.5,103.1,10.1016/0021-9797(86)90417-0,CCCCCCCCCCC[N+](C)(C)CCCN(C)CCC[N+](C)(C)CCCCCCCCCCC.[Br-].[Br-],,20,tensiometry,671.7760000000005,"InChI=1S/C33H73N3.2BrH/c1-8-10-12-14-16-18-20-22-24-30-35(4,5)32-26-28-34(3)29-27-33-36(6,7)31-25-23-21-19-17-15-13-11-9-2;;/h8-33H2,1-7H3;2*1H/q+2;;/p-2",1.61e-06,1.031,2.677780705266081
XIV,0.0012,36.1,108.1,10.1016/0021-9797(86)90417-0,CCCCCCCCCCCC[N+](C)(C)CCCN(C)CCC[N+](C)(C)CCCCCCCCCCCC.[Br-].[Br-],,20,tensiometry,699.8300000000005,"InChI=1S/C35H77N3.2BrH/c1-8-10-12-14-16-18-20-22-24-26-32-37(4,5)34-28-30-36(3)31-29-35-38(6,7)33-27-25-23-21-19-17-15-13-11-9-2;;/h8-35H2,1-7H3;2*1H/q+2;;/p-2",1.54e-06,1.081,2.9208187539523753
XV,0.00041,38.0,111.2,10.1016/0021-9797(86)90417-0,CCCCCCCCCCCCC[N+](C)(C)CCCN(C)CCC[N+](C)(C)CCCCCCCCCCCCC.[Br-].[Br-],,20,tensiometry,727.8840000000004,"InChI=1S/C37H81N3.2BrH/c1-8-10-12-14-16-18-20-22-24-26-28-34-39(4,5)36-30-32-38(3)33-31-37-40(6,7)35-29-27-25-23-21-19-17-15-13-11-9-2;;/h8-37H2,1-7H3;2*1H/q+2;;/p-2",1.49e-06,1.1119999999999999,3.3872161432802645
XVI,0.00012,38.0,102.5,10.1016/0021-9797(86)90417-0,CCCCCCCCCCCCCC[N+](C)(C)CCCN(C)CCC[N+](C)(C)CCCCCCCCCCCCCC.[Br-].[Br-],,20,tensiometry,755.9380000000002,"InChI=1S/C39H85N3.2BrH/c1-8-10-12-14-16-18-20-22-24-26-28-30-36-41(4,5)38-32-34-40(3)35-33-39-42(6,7)37-31-29-27-25-23-21-19-17-15-13-11-9-2;;/h8-39H2,1-7H3;2*1H/q+2;;/p-2",1.6200000000000002e-06,1.025,3.9208187539523753
XVII,4.2e-05,40.1,112.7,10.1016/0021-9797(86)90417-0,CCCCCCCCCCCCCCC[N+](C)(C)CCCN(C)CCC[N+](C)(C)CCCCCCCCCCCCCCC.[Br-].[Br-],,20,tensiometry,783.9920000000001,"InChI=1S/C41H89N3.2BrH/c1-8-10-12-14-16-18-20-22-24-26-28-30-32-38-43(4,5)40-34-36-42(3)37-35-41-44(6,7)39-33-31-29-27-25-23-21-19-17-15-13-11-9-2;;/h8-41H2,1-7H3;2*1H/q+2;;/p-2",1.47e-06,1.127,4.376750709602099
XVIII,1.4e-05,42.9,119.2,10.1016/0021-9797(86)90417-0,CCCCCCCCCCCCCCCC[N+](C)(C)CCCN(C)CCC[N+](C)(C)CCCCCCCCCCCCCCCC.[Br-].[Br-],,20,tensiometry,812.0459999999999,"InChI=1S/C43H93N3.2BrH/c1-8-10-12-14-16-18-20-22-24-26-28-30-32-34-40-45(4,5)42-36-38-44(3)39-37-43-46(6,7)41-35-33-31-29-27-25-23-21-19-17-15-13-11-9-2;;/h8-43H2,1-7H3;2*1H/q+2;;/p-2",1.3899999999999998e-06,1.1920000000000002,4.853871964321762
XIX,0.042,41.7,127.7,10.1016/0021-9797(86)90417-0,CCCCCCCC[N+](C)(C)CCCOCCC[N+](C)(C)CCCCCCCC.[Br-].[Br-],,20,tensiometry,574.5710000000004,"InChI=1S/C26H58N2O.2BrH/c1-7-9-11-13-15-17-21-27(3,4)23-19-25-29-26-20-24-28(5,6)22-18-16-14-12-10-8-2;;/h7-26H2,1-6H3;2*1H/q+2;;/p-2",1.3e-06,1.277,1.3767507096020994
XX,0.017,40.4,133.1,10.1016/0021-9797(86)90417-0,CCCCCCCCC[N+](C)(C)CCCOCCC[N+](C)(C)CCCCCCCCC.[Br-].[Br-],,20,tensiometry,602.6250000000005,"InChI=1S/C28H62N2O.2BrH/c1-7-9-11-13-15-17-19-23-29(3,4)25-21-27-31-28-22-26-30(5,6)24-20-18-16-14-12-10-8-2;;/h7-28H2,1-6H3;2*1H/q+2;;/p-2",1.25e-06,1.331,1.7695510786217261
XXI,0.0077,40.8,135.0,10.1016/0021-9797(86)90417-0,CCCCCCCCCC[N+](C)(C)CCCOCCC[N+](C)(C)CCCCCCCCCC.[Br-].[Br-],,20,tensiometry,630.6790000000005,"InChI=1S/C30H66N2O.2BrH/c1-7-9-11-13-15-17-19-21-25-31(3,4)27-23-29-33-30-24-28-32(5,6)26-22-20-18-16-14-12-10-8-2;;/h7-30H2,1-6H3;2*1H/q+2;;/p-2",1.23e-06,1.3499999999999999,2.113509274827518
XXII,0.0021,39.1,127.1,10.1016/0021-9797(86)90417-0,CCCCCCCCCCC[N+](C)(C)CCCOCCC[N+](C)(C)CCCCCCCCCCC.[Br-].[Br-],,20,tensiometry,658.7330000000006,"InChI=1S/C32H70N2O.2BrH/c1-7-9-11-13-15-17-19-21-23-27-33(3,4)29-25-31-35-32-26-30-34(5,6)28-24-22-20-18-16-14-12-10-8-2;;/h7-32H2,1-6H3;2*1H/q+2;;/p-2",1.31e-06,1.271,2.677780705266081
XXIII,0.0011,38.2,128.5,10.1016/0021-9797(86)90417-0,CCCCCCCCCCCC[N+](C)(C)CCCOCCC[N+](C)(C)CCCCCCCCCCCC.[Br-].[Br-],,20,tensiometry,686.7870000000006,"InChI=1S/C34H74N2O.2BrH/c1-7-9-11-13-15-17-19-21-23-25-29-35(3,4)31-27-33-37-34-28-32-36(5,6)30-26-24-22-20-18-16-14-12-10-8-2;;/h7-34H2,1-6H3;2*1H/q+2;;/p-2",1.29e-06,1.2850000000000001,2.958607314841775
XXIV,0.00031,39.7,125.8,10.1016/0021-9797(86)90417-0,CCCCCCCCCCCCC[N+](C)(C)CCCOCCC[N+](C)(C)CCCCCCCCCCCCC.[Br-].[Br-],,20,tensiometry,714.8410000000005,"InChI=1S/C36H78N2O.2BrH/c1-7-9-11-13-15-17-19-21-23-25-27-31-37(3,4)33-29-35-39-36-30-34-38(5,6)32-28-26-24-22-20-18-16-14-12-10-8-2;;/h7-36H2,1-6H3;2*1H/q+2;;/p-2",1.32e-06,1.258,3.5086383061657274
XXV,0.0001,40.1,138.4,10.1016/0021-9797(86)90417-0,CCCCCCCCCCCCCC[N+](C)(C)CCCOCCC[N+](C)(C)CCCCCCCCCCCCCC.[Br-].[Br-],,20,tensiometry,742.8950000000003,"InChI=1S/C38H82N2O.2BrH/c1-7-9-11-13-15-17-19-21-23-25-27-29-33-39(3,4)35-31-37-41-38-32-36-40(5,6)34-30-28-26-24-22-20-18-16-14-12-10-8-2;;/h7-38H2,1-6H3;2*1H/q+2;;/p-2",1.2e-06,1.3840000000000001,4.0
XXVI,4.4e-06,47.2,141.3,10.1016/0021-9797(86)90417-0,CCCCCCCCCCCCCCCC[N+](C)(C)CCCOCCC[N+](C)(C)CCCCCCCCCCCCCCCC.[Br-].[Br-],,20,tensiometry,799.003,"InChI=1S/C42H90N2O.2BrH/c1-7-9-11-13-15-17-19-21-23-25-27-29-31-33-37-43(3,4)39-35-41-45-42-36-40-44(5,6)38-34-32-30-28-26-24-22-20-18-16-14-12-10-8-2;;/h7-42H2,1-6H3;2*1H/q+2;;/p-2",1.18e-06,1.413,5.356547323513812
XXVII,0.061,28.7,78.8,10.1016/0021-9797(86)90417-0,CCCCCC[N+](C)(C)CCCSCCC[N+](C)(C)CCCCCC.[Br-].[Br-],,20,tensiometry,534.5310000000002,"InChI=1S/C22H50N2S.2BrH/c1-7-9-11-13-17-23(3,4)19-15-21-25-22-16-20-24(5,6)18-14-12-10-8-2;;/h7-22H2,1-6H3;2*1H/q+2;;/p-2",2.1099999999999997e-06,0.7879999999999999,1.214670164989233
XXVIII,0.021,33.1,88.3,10.1016/0021-9797(86)90417-0,CCCCCCCC[N+](C)(C)CCCSCCC[N+](C)(C)CCCCCCCC.[Br-].[Br-],,20,tensiometry,590.6390000000004,"InChI=1S/C26H58N2S.2BrH/c1-7-9-11-13-15-17-21-27(3,4)23-19-25-29-26-20-24-28(5,6)22-18-16-14-12-10-8-2;;/h7-26H2,1-6H3;2*1H/q+2;;/p-2",1.8799999999999998e-06,0.883,1.6777807052660807
XXIX,0.0088,35.0,85.1,10.1016/0021-9797(86)90417-0,CCCCCCCCCC[N+](C)(C)CCCSCCC[N+](C)(C)CCCCCCCCCC.[Br-].[Br-],,20,tensiometry,646.7470000000005,"InChI=1S/C30H66N2S.2BrH/c1-7-9-11-13-15-17-19-21-25-31(3,4)27-23-29-33-30-24-28-32(5,6)26-22-20-18-16-14-12-10-8-2;;/h7-30H2,1-6H3;2*1H/q+2;;/p-2",1.95e-06,0.851,2.0555173278498313
XXX,0.00084,34.5,83.9,10.1016/0021-9797(86)90417-0,CCCCCCCCCCCC[N+](C)(C)CCCSCCC[N+](C)(C)CCCCCCCCCCCC.[Br-].[Br-],,20,tensiometry,702.8550000000005,"InChI=1S/C34H74N2S.2BrH/c1-7-9-11-13-15-17-19-21-23-25-29-35(3,4)31-27-33-37-34-28-32-36(5,6)30-26-24-22-20-18-16-14-12-10-8-2;;/h7-34H2,1-6H3;2*1H/q+2;;/p-2",1.19e-06,0.839,3.0757207139381184
XXXI,0.00015,33.9,113.5,10.1016/0021-9797(86)90417-0,CCCCCCCCCCCCCC[N+](C)(C)CCCSCCC[N+](C)(C)CCCCCCCCCCCCCC.[Br-].[Br-],,20,tensiometry,758.9630000000002,"InChI=1S/C38H82N2S.2BrH/c1-7-9-11-13-15-17-19-21-23-25-27-29-33-39(3,4)35-31-37-41-38-32-36-40(5,6)34-30-28-26-24-22-20-18-16-14-12-10-8-2;;/h7-38H2,1-6H3;2*1H/q+2;;/p-2",1.46e-06,1.135,3.8239087409443187
XXXII,1.7e-05,41.9,121.4,10.1016/0021-9797(86)90417-0,CCCCCCCCCCCCCCCC[N+](C)(C)CCCSCCC[N+](C)(C)CCCCCCCCCCCCCCCC.[Br-].[Br-],,20,tensiometry,815.0709999999998,"InChI=1S/C42H90N2S.2BrH/c1-7-9-11-13-15-17-19-21-23-25-27-29-31-33-37-43(3,4)39-35-41-45-42-36-40-44(5,6)38-34-32-30-28-26-24-22-20-18-16-14-12-10-8-2;;/h7-42H2,1-6H3;2*1H/q+2;;/p-2",1.37e-06,1.214,4.769551078621726
XXXIII,5.2e-06,40.9,119.7,10.1016/0021-9797(86)90417-0,CCCCCCCCCCCCCCCCCC[N+](C)(C)CCCSCCC[N+](C)(C)CCCCCCCCCCCCCCCCCC.[Br-].[Br-],,20,tensiometry,871.1789999999995,"InChI=1S/C46H98N2S.2BrH/c1-7-9-11-13-15-17-19-21-23-25-27-29-31-33-35-37-41-47(3,4)43-39-45-49-46-40-44-48(5,6)42-38-36-34-32-30-28-26-24-22-20-18-16-14-12-10-8-2;;/h7-46H2,1-6H3;2*1H/q+2;;/p-2",1.3899999999999998e-06,1.197,5.2839966563652006
I,0.16,,,10.1016/0021-9797(86)90417-0,CCCCCC[N+](C)(C)CCCCCCC[N+](C)(C)CCCCCC.[Br-].[Br-],,20,conductometry,516.4910000000002,"InChI=1S/C23H52N2.2BrH/c1-7-9-11-16-20-24(3,4)22-18-14-13-15-19-23-25(5,6)21-17-12-10-8-2;;/h7-23H2,1-6H3;2*1H/q+2;;/p-2",,,0.7958800173440752
II,0.048,,,10.1016/0021-9797(86)90417-0,CCCCCCCC[N+](C)(C)CCCCCCC[N+](C)(C)CCCCCCCC.[Br-].[Br-],,20,,572.5990000000003,"InChI=1S/C27H60N2.2BrH/c1-7-9-11-13-16-20-24-28(3,4)26-22-18-15-19-23-27-29(5,6)25-21-17-14-12-10-8-2;;/h7-27H2,1-6H3;2*1H/q+2;;/p-2",,,1.3187587626244128
III,0.025,,,10.1016/0021-9797(86)90417-0,CCCCCCCCC[N+](C)(C)CCCCCCC[N+](C)(C)CCCCCCCCC.[Br-].[Br-],,20,,600.6530000000004,"InChI=1S/C29H64N2.2BrH/c1-7-9-11-13-15-18-22-26-30(3,4)28-24-20-17-21-25-29-31(5,6)27-23-19-16-14-12-10-8-2;;/h7-29H2,1-6H3;2*1H/q+2;;/p-2",,,1.6020599913279623
IV,0.0089,,,10.1016/0021-9797(86)90417-0,CCCCCCCCCC[N+](C)(C)CCCCCCC[N+](C)(C)CCCCCCCCCC.[Br-].[Br-],,20,,628.7070000000004,"InChI=1S/C31H68N2.2BrH/c1-7-9-11-13-15-17-20-24-28-32(3,4)30-26-22-19-23-27-31-33(5,6)29-25-21-18-16-14-12-10-8-2;;/h7-31H2,1-6H3;2*1H/q+2;;/p-2",,,2.050609993355087
V,0.003,,,10.1016/0021-9797(86)90417-0,CCCCCCCCCCC[N+](C)(C)CCCCCCC[N+](C)(C)CCCCCCCCCCC.[Br-].[Br-],,20,,656.7610000000005,"InChI=1S/C33H72N2.2BrH/c1-7-9-11-13-15-17-19-22-26-30-34(3,4)32-28-24-21-25-29-33-35(5,6)31-27-23-20-18-16-14-12-10-8-2;;/h7-33H2,1-6H3;2*1H/q+2;;/p-2",,,2.5228787452803374
VI,0.0011,,,10.1016/0021-9797(86)90417-0,CCCCCCCCCCCC[N+](C)(C)CCCCCCC[N+](C)(C)CCCCCCCCCCCC.[Br-].[Br-],,20,,684.8150000000006,"InChI=1S/C35H76N2.2BrH/c1-7-9-11-13-15-17-19-21-24-28-32-36(3,4)34-30-26-23-27-31-35-37(5,6)33-29-25-22-20-18-16-14-12-10-8-2;;/h7-35H2,1-6H3;2*1H/q+2;;/p-2",,,2.958607314841775
VII,0.00041,,,10.1016/0021-9797(86)90417-0,CCCCCCCCCCCCC[N+](C)(C)CCCCCCC[N+](C)(C)CCCCCCCCCCCCC.[Br-].[Br-],,20,,712.8690000000005,"InChI=1S/C37H80N2.2BrH/c1-7-9-11-13-15-17-19-21-23-26-30-34-38(3,4)36-32-28-25-29-33-37-39(5,6)35-31-27-24-22-20-18-16-14-12-10-8-2;;/h7-37H2,1-6H3;2*1H/q+2;;/p-2",,,3.3872161432802645
VIII,0.00018,,,10.1016/0021-9797(86)90417-0,CCCCCCCCCCCCCC[N+](C)(C)CCCCCCC[N+](C)(C)CCCCCCCCCCCCCC.[Br-].[Br-],,20,,740.9230000000003,"InChI=1S/C39H84N2.2BrH/c1-7-9-11-13-15-17-19-21-23-25-28-32-36-40(3,4)38-34-30-27-31-35-39-41(5,6)37-33-29-26-24-22-20-18-16-14-12-10-8-2;;/h7-39H2,1-6H3;2*1H/q+2;;/p-2",,,3.744727494896694
IX,3.2e-05,,,10.1016/0021-9797(86)90417-0,CCCCCCCCCCCCCCCC[N+](C)(C)CCCCCCC[N+](C)(C)CCCCCCCCCCCCCCCC.[Br-].[Br-],,20,,797.0310000000001,"InChI=1S/C43H92N2.2BrH/c1-7-9-11-13-15-17-19-21-23-25-27-29-32-36-40-44(3,4)42-38-34-31-35-39-43-45(5,6)41-37-33-30-28-26-24-22-20-18-16-14-12-10-8-2;;/h7-43H2,1-6H3;2*1H/q+2;;/p-2",,,4.494850021680094
X,0.031,,,10.1016/0021-9797(86)90417-0,CCCCCCCC[N+](C)(C)CCCN(C)CCC[N+](C)(C)CCCCCCCC.[Br-].[Br-],,20,,587.6140000000004,"InChI=1S/C27H61N3.2BrH/c1-8-10-12-14-16-18-24-29(4,5)26-20-22-28(3)23-21-27-30(6,7)25-19-17-15-13-11-9-2;;/h8-27H2,1-7H3;2*1H/q+2;;/p-2",,,1.5086383061657274
XI,0.018,,,10.1016/0021-9797(86)90417-0,CCCCCCCCC[N+](C)(C)CCCN(C)CCC[N+](C)(C)CCCCCCCCC.[Br-].[Br-],,20,,615.6680000000005,"InChI=1S/C29H65N3.2BrH/c1-8-10-12-14-16-18-20-26-31(4,5)28-22-24-30(3)25-23-29-32(6,7)27-21-19-17-15-13-11-9-2;;/h8-29H2,1-7H3;2*1H/q+2;;/p-2",,,1.744727494896694
XII,0.0084,,,10.1016/0021-9797(86)90417-0,CCCCCCCCCC[N+](C)(C)CCCN(C)CCC[N+](C)(C)CCCCCCCCCC.[Br-].[Br-],,20,,643.7220000000004,"InChI=1S/C31H69N3.2BrH/c1-8-10-12-14-16-18-20-22-28-33(4,5)30-24-26-32(3)27-25-31-34(6,7)29-23-21-19-17-15-13-11-9-2;;/h8-31H2,1-7H3;2*1H/q+2;;/p-2",,,2.0757207139381184
XIII,0.003,,,10.1016/0021-9797(86)90417-0,CCCCCCCCCCC[N+](C)(C)CCCN(C)CCC[N+](C)(C)CCCCCCCCCCC.[Br-].[Br-],,20,,671.7760000000005,"InChI=1S/C33H73N3.2BrH/c1-8-10-12-14-16-18-20-22-24-30-35(4,5)32-26-28-34(3)29-27-33-36(6,7)31-25-23-21-19-17-15-13-11-9-2;;/h8-33H2,1-7H3;2*1H/q+2;;/p-2",,,2.5228787452803374
XIV,0.0011,,,10.1016/0021-9797(86)90417-0,CCCCCCCCCCCC[N+](C)(C)CCCN(C)CCC[N+](C)(C)CCCCCCCCCCCC.[Br-].[Br-],,20,,699.8300000000005,"InChI=1S/C35H77N3.2BrH/c1-8-10-12-14-16-18-20-22-24-26-32-37(4,5)34-28-30-36(3)31-29-35-38(6,7)33-27-25-23-21-19-17-15-13-11-9-2;;/h8-35H2,1-7H3;2*1H/q+2;;/p-2",,,2.958607314841775
XV,0.00033,,,10.1016/0021-9797(86)90417-0,CCCCCCCCCCCCC[N+](C)(C)CCCN(C)CCC[N+](C)(C)CCCCCCCCCCCCC.[Br-].[Br-],,20,,727.8840000000004,"InChI=1S/C37H81N3.2BrH/c1-8-10-12-14-16-18-20-22-24-26-28-34-39(4,5)36-30-32-38(3)33-31-37-40(6,7)35-29-27-25-23-21-19-17-15-13-11-9-2;;/h8-37H2,1-7H3;2*1H/q+2;;/p-2",,,3.4814860601221125
XVI,0.00012,,,10.1016/0021-9797(86)90417-0,CCCCCCCCCCCCCC[N+](C)(C)CCCN(C)CCC[N+](C)(C)CCCCCCCCCCCCCC.[Br-].[Br-],,20,,755.9380000000002,"InChI=1S/C39H85N3.2BrH/c1-8-10-12-14-16-18-20-22-24-26-28-30-36-41(4,5)38-32-34-40(3)35-33-39-42(6,7)37-31-29-27-25-23-21-19-17-15-13-11-9-2;;/h8-39H2,1-7H3;2*1H/q+2;;/p-2",,,3.9208187539523753
XVII,4.3e-05,,,10.1016/0021-9797(86)90417-0,CCCCCCCCCCCCCCC[N+](C)(C)CCCN(C)CCC[N+](C)(C)CCCCCCCCCCCCCCC.[Br-].[Br-],,20,,783.9920000000001,"InChI=1S/C41H89N3.2BrH/c1-8-10-12-14-16-18-20-22-24-26-28-30-32-38-43(4,5)40-34-36-42(3)37-35-41-44(6,7)39-33-31-29-27-25-23-21-19-17-15-13-11-9-2;;/h8-41H2,1-7H3;2*1H/q+2;;/p-2",,,4.366531544420414
XVIII,1.2e-05,,,10.1016/0021-9797(86)90417-0,CCCCCCCCCCCCCCCC[N+](C)(C)CCCN(C)CCC[N+](C)(C)CCCCCCCCCCCCCCCC.[Br-].[Br-],,20,,812.0459999999999,"InChI=1S/C43H93N3.2BrH/c1-8-10-12-14-16-18-20-22-24-26-28-30-32-34-40-45(4,5)42-36-38-44(3)39-37-43-46(6,7)41-35-33-31-29-27-25-23-21-19-17-15-13-11-9-2;;/h8-43H2,1-7H3;2*1H/q+2;;/p-2",,,4.920818753952375
XIX,0.044,,,10.1016/0021-9797(86)90417-0,CCCCCCCC[N+](C)(C)CCCOCCC[N+](C)(C)CCCCCCCC.[Br-].[Br-],,20,,574.5710000000004,"InChI=1S/C26H58N2O.2BrH/c1-7-9-11-13-15-17-21-27(3,4)23-19-25-29-26-20-24-28(5,6)22-18-16-14-12-10-8-2;;/h7-26H2,1-6H3;2*1H/q+2;;/p-2",,,1.3565473235138126
XX,0.022,,,10.1016/0021-9797(86)90417-0,CCCCCCCCC[N+](C)(C)CCCOCCC[N+](C)(C)CCCCCCCCC.[Br-].[Br-],,20,,602.6250000000005,"InChI=1S/C28H62N2O.2BrH/c1-7-9-11-13-15-17-19-23-29(3,4)25-21-27-31-28-22-26-30(5,6)24-20-18-16-14-12-10-8-2;;/h7-28H2,1-6H3;2*1H/q+2;;/p-2",,,1.6575773191777938
XXI,0.0077,,,10.1016/0021-9797(86)90417-0,CCCCCCCCCC[N+](C)(C)CCCOCCC[N+](C)(C)CCCCCCCCCC.[Br-].[Br-],,20,,630.6790000000005,"InChI=1S/C30H66N2O.2BrH/c1-7-9-11-13-15-17-19-21-25-31(3,4)27-23-29-33-30-24-28-32(5,6)26-22-20-18-16-14-12-10-8-2;;/h7-30H2,1-6H3;2*1H/q+2;;/p-2",,,2.113509274827518
XXII,0.0026,,,10.1016/0021-9797(86)90417-0,CCCCCCCCCCC[N+](C)(C)CCCOCCC[N+](C)(C)CCCCCCCCCCC.[Br-].[Br-],,20,,658.7330000000006,"InChI=1S/C32H70N2O.2BrH/c1-7-9-11-13-15-17-19-21-23-27-33(3,4)29-25-31-35-32-26-30-34(5,6)28-24-22-20-18-16-14-12-10-8-2;;/h7-32H2,1-6H3;2*1H/q+2;;/p-2",,,2.5850266520291822
XXIII,0.001,,,10.1016/0021-9797(86)90417-0,CCCCCCCCCCCC[N+](C)(C)CCCOCCC[N+](C)(C)CCCCCCCCCCCC.[Br-].[Br-],,20,,686.7870000000006,"InChI=1S/C34H74N2O.2BrH/c1-7-9-11-13-15-17-19-21-23-25-29-35(3,4)31-27-33-37-34-28-32-36(5,6)30-26-24-22-20-18-16-14-12-10-8-2;;/h7-34H2,1-6H3;2*1H/q+2;;/p-2",,,3.0
XXIV,0.00038,,,10.1016/0021-9797(86)90417-0,CCCCCCCCCCCCC[N+](C)(C)CCCOCCC[N+](C)(C)CCCCCCCCCCCCC.[Br-].[Br-],,20,,714.8410000000005,"InChI=1S/C36H78N2O.2BrH/c1-7-9-11-13-15-17-19-21-23-25-27-31-37(3,4)33-29-35-39-36-30-34-38(5,6)32-28-26-24-22-20-18-16-14-12-10-8-2;;/h7-36H2,1-6H3;2*1H/q+2;;/p-2",,,3.42021640338319
XXV,0.00019,,,10.1016/0021-9797(86)90417-0,CCCCCCCCCCCCCC[N+](C)(C)CCCOCCC[N+](C)(C)CCCCCCCCCCCCCC.[Br-].[Br-],,20,,742.8950000000003,"InChI=1S/C38H82N2O.2BrH/c1-7-9-11-13-15-17-19-21-23-25-27-29-33-39(3,4)35-31-37-41-38-32-36-40(5,6)34-30-28-26-24-22-20-18-16-14-12-10-8-2;;/h7-38H2,1-6H3;2*1H/q+2;;/p-2",,,3.721246399047171
XXVI,6.4e-05,,,10.1016/0021-9797(86)90417-0,CCCCCCCCCCCCCCCC[N+](C)(C)CCCOCCC[N+](C)(C)CCCCCCCCCCCCCCCC.[Br-].[Br-],,20,,799.003,"InChI=1S/C42H90N2O.2BrH/c1-7-9-11-13-15-17-19-21-23-25-27-29-31-33-37-43(3,4)39-35-41-45-42-36-40-44(5,6)38-34-32-30-28-26-24-22-20-18-16-14-12-10-8-2;;/h7-42H2,1-6H3;2*1H/q+2;;/p-2",,,4.1938200260161125
XXVII,0.13,,,10.1016/0021-9797(86)90417-0,CCCCCC[N+](C)(C)CCCSCCC[N+](C)(C)CCCCCC.[Br-].[Br-],,20,,534.5310000000002,"InChI=1S/C22H50N2S.2BrH/c1-7-9-11-13-17-23(3,4)19-15-21-25-22-16-20-24(5,6)18-14-12-10-8-2;;/h7-22H2,1-6H3;2*1H/q+2;;/p-2",,,0.8860566476931632
XXVIII,0.037,,,10.1016/0021-9797(86)90417-0,CCCCCCCC[N+](C)(C)CCCSCCC[N+](C)(C)CCCCCCCC.[Br-].[Br-],,20,,590.6390000000004,"InChI=1S/C26H58N2S.2BrH/c1-7-9-11-13-15-17-21-27(3,4)23-19-25-29-26-20-24-28(5,6)22-18-16-14-12-10-8-2;;/h7-26H2,1-6H3;2*1H/q+2;;/p-2",,,1.431798275933005
XXIX,0.0062,,,10.1016/0021-9797(86)90417-0,CCCCCCCCCC[N+](C)(C)CCCSCCC[N+](C)(C)CCCCCCCCCC.[Br-].[Br-],,20,,646.7470000000005,"InChI=1S/C30H66N2S.2BrH/c1-7-9-11-13-15-17-19-21-25-31(3,4)27-23-29-33-30-24-28-32(5,6)26-22-20-18-16-14-12-10-8-2;;/h7-30H2,1-6H3;2*1H/q+2;;/p-2",,,2.207608310501746
XXX,0.00096,,,10.1016/0021-9797(86)90417-0,CCCCCCCCCCCC[N+](C)(C)CCCSCCC[N+](C)(C)CCCCCCCCCCCC.[Br-].[Br-],,20,,702.8550000000005,"InChI=1S/C34H74N2S.2BrH/c1-7-9-11-13-15-17-19-21-23-25-29-35(3,4)31-27-33-37-34-28-32-36(5,6)30-26-24-22-20-18-16-14-12-10-8-2;;/h7-34H2,1-6H3;2*1H/q+2;;/p-2",,,3.0177287669604316
XXXI,0.0001,,,10.1016/0021-9797(86)90417-0,CCCCCCCCCCCCCC[N+](C)(C)CCCSCCC[N+](C)(C)CCCCCCCCCCCCCC.[Br-].[Br-],,20,,758.9630000000002,"InChI=1S/C38H82N2S.2BrH/c1-7-9-11-13-15-17-19-21-23-25-27-29-33-39(3,4)35-31-37-41-38-32-36-40(5,6)34-30-28-26-24-22-20-18-16-14-12-10-8-2;;/h7-38H2,1-6H3;2*1H/q+2;;/p-2",,,4.0
XXXII,9.7e-06,,,10.1016/0021-9797(86)90417-0,CCCCCCCCCCCCCCCC[N+](C)(C)CCCSCCC[N+](C)(C)CCCCCCCCCCCCCCCC.[Br-].[Br-],,20,,815.0709999999998,"InChI=1S/C42H90N2S.2BrH/c1-7-9-11-13-15-17-19-21-23-25-27-29-31-33-37-43(3,4)39-35-41-45-42-36-40-44(5,6)38-34-32-30-28-26-24-22-20-18-16-14-12-10-8-2;;/h7-42H2,1-6H3;2*1H/q+2;;/p-2",,,5.013228265733755
XXXIII,1e-06,,,10.1016/0021-9797(86)90417-0,CCCCCCCCCCCCCCCCCC[N+](C)(C)CCCSCCC[N+](C)(C)CCCCCCCCCCCCCCCCCC.[Br-].[Br-],,20,,871.1789999999995,"InChI=1S/C46H98N2S.2BrH/c1-7-9-11-13-15-17-19-21-23-25-27-29-31-33-35-37-41-47(3,4)43-39-45-49-46-40-44-48(5,6)42-38-36-34-32-30-28-26-24-22-20-18-16-14-12-10-8-2;;/h7-46H2,1-6H3;2*1H/q+2;;/p-2",,,6.0
