identifier,Temp_Celsius,ref,SMILES,pCMC,Molecular_Weight,InChI,CMC,source_doi,reference_doi
"octyl-D,L-glycerol",25,10,CCCCCCCCOCC(O)CO,2.2365720064370627,204.31,"InChI=1S/C11H24O3/c1-2-3-4-5-6-7-8-14-10-11(13)9-12/h11-13H,2-10H2,1H3",0.0058,10.1021/acs.iecr.6b02890,10.1021/j150575a003
octyl glycol,25,10,CCCCCCCCOCCO,2.309803919971486,174.284,"InChI=1S/C10H22O2/c1-2-3-4-5-6-7-9-12-10-8-11/h11H,2-10H2,1H3",0.004900000000000001,10.1021/acs.iecr.6b02890,10.1021/j150575a003
octyl-β-D-glucoside,25,14,CCCCCCCCO[C@@H]1O[C@H](CO)[C@@H](O)[C@H](O)[C@H]1O,1.6989700043360187,292.372,"InChI=1S/C14H28O6/c1-2-3-4-5-6-7-8-19-14-13(18)12(17)11(16)10(9-15)20-14/h10-18H,2-9H2,1H3/t10-,11-,12+,13-,14-/m1/s1",0.02,10.1021/acs.iecr.6b02890,10.1007/BF02541865
octyl-α-D-mannoside,25,14,CCCCCCCCO[C@H]1O[C@H](CO)[C@@H](O)[C@H](O)[C@@H]1O,2.221848749616356,292.372,"InChI=1S/C14H28O6/c1-2-3-4-5-6-7-8-19-14-13(18)12(17)11(16)10(9-15)20-14/h10-18H,2-9H2,1H3/t10-,11-,12+,13+,14+/m1/s1",0.006,10.1021/acs.iecr.6b02890,10.1007/BF02541865
octyl-β-D-galactoside,25,14,CCCCCCCCO[C@@H]1O[C@H](CO)[C@H](O)[C@H](O)[C@H]1O,1.7958800173440752,292.372,"InChI=1S/C14H28O6/c1-2-3-4-5-6-7-8-19-14-13(18)12(17)11(16)10(9-15)20-14/h10-18H,2-9H2,1H3/t10-,11+,12+,13-,14-/m1/s1",0.016,10.1021/acs.iecr.6b02890,10.1007/BF02541865
decyl-α-D-mannoside,25,14,CCCCCCCCCCO[C@H]1O[C@H](CO)[C@@H](O)[C@H](O)[C@@H]1O,3.6020599913279625,320.4260000000001,"InChI=1S/C16H32O6/c1-2-3-4-5-6-7-8-9-10-21-16-15(20)14(19)13(18)12(11-17)22-16/h12-20H,2-11H2,1H3/t12-,13-,14+,15+,16+/m1/s1",0.00025,10.1021/acs.iecr.6b02890,10.1007/BF02541865
decyl-β-D-galactoside,25,14,CCCCCCCCCCO[C@@H]1O[C@H](CO)[C@H](O)[C@H](O)[C@H]1O,3.154901959985743,320.4260000000001,"InChI=1S/C16H32O6/c1-2-3-4-5-6-7-8-9-10-21-16-15(20)14(19)13(18)12(11-17)22-16/h12-20H,2-11H2,1H3/t12-,13+,14+,15-,16-/m1/s1",0.0007,10.1021/acs.iecr.6b02890,10.1007/BF02541865
dodecyl-α-D-mannoside,25,14,CCCCCCCCCCCCO[C@H]1O[C@H](CO)[C@@H](O)[C@H](O)[C@@H]1O,4.301029995663981,348.4800000000002,"InChI=1S/C18H36O6/c1-2-3-4-5-6-7-8-9-10-11-12-23-18-17(22)16(21)15(20)14(13-19)24-18/h14-22H,2-13H2,1H3/t14-,15-,16+,17+,18+/m1/s1",5e-05,10.1021/acs.iecr.6b02890,10.1007/BF02541865
dodecyl-β-D-Galactoside,25,14,CCCCCCCCCCCCO[C@@H]1O[C@H](CO)[C@H](O)[C@H](O)[C@H]1O,3.6989700043360187,348.4800000000002,"InChI=1S/C18H36O6/c1-2-3-4-5-6-7-8-9-10-11-12-23-18-17(22)16(21)15(20)14(13-19)24-18/h14-22H,2-13H2,1H3/t14-,15+,16+,17-,18-/m1/s1",0.0002,10.1021/acs.iecr.6b02890,10.1007/BF02541865
"1-O-butyl-D,L-xylitol",25,53,CCCCOC[C@@H](O)[C@H](O)[C@@H](O)CO.CCCCOC[C@H](O)[C@@H](O)[C@H](O)CO,1.2365720064370627,416.50800000000015,"InChI=1S/2C9H20O5/c2*1-2-3-4-14-6-8(12)9(13)7(11)5-10/h2*7-13H,2-6H2,1H3/t2*7-,8+,9+/m10/s1",0.058,10.1021/acs.iecr.6b02890,10.1016/S0378-5173(99)00078-2
"1-O-pentyl-D,L-xylitol",25,53,CCCCCOC[C@@H](O)[C@H](O)[C@@H](O)CO.CCCCCOC[C@H](O)[C@@H](O)[C@H](O)CO,1.4202164033831899,444.56200000000024,"InChI=1S/2C10H22O5/c2*1-2-3-4-5-15-7-9(13)10(14)8(12)6-11/h2*8-14H,2-7H2,1H3/t2*8-,9+,10+/m10/s1",0.038,10.1021/acs.iecr.6b02890,10.1016/S0378-5173(99)00078-2
"1-O-hexyl-D,L-xylitol",25,53,CCCCCCOC[C@@H](O)[C@H](O)[C@@H](O)CO.CCCCCCOC[C@H](O)[C@@H](O)[C@H](O)CO,2.0268721464003012,472.6160000000004,"InChI=1S/2C11H24O5/c2*1-2-3-4-5-6-16-8-10(14)11(15)9(13)7-12/h2*9-15H,2-8H2,1H3/t2*9-,10+,11+/m10/s1",0.0094,10.1021/acs.iecr.6b02890,10.1016/S0378-5173(99)00078-2
"1-O-heptyl-D,L-xylitol",25,53,CCCCCCCOC[C@@H](O)[C@H](O)[C@@H](O)CO.CCCCCCCOC[C@H](O)[C@@H](O)[C@H](O)CO,2.036212172654445,500.6700000000004,"InChI=1S/2C12H26O5/c2*1-2-3-4-5-6-7-17-9-11(15)12(16)10(14)8-13/h2*10-16H,2-9H2,1H3/t2*10-,11+,12+/m10/s1",0.0092,10.1021/acs.iecr.6b02890,10.1016/S0378-5173(99)00078-2
"1-O-octyl-D,L-xylitol",25,53,CCCCCCCCOC[C@@H](O)[C@H](O)[C@@H](O)CO.CCCCCCCCOC[C@H](O)[C@@H](O)[C@H](O)CO,2.1739251972991736,528.7240000000005,"InChI=1S/2C13H28O5/c2*1-2-3-4-5-6-7-8-18-10-12(16)13(17)11(15)9-14/h2*11-17H,2-10H2,1H3/t2*11-,12+,13+/m10/s1",0.0067,10.1021/acs.iecr.6b02890,10.1016/S0378-5173(99)00078-2
"1-O-nonyl-D,L-xylitol",25,53,CCCCCCCCCOC[C@@H](O)[C@H](O)[C@@H](O)CO.CCCCCCCCCOC[C@H](O)[C@@H](O)[C@H](O)CO,2.6777807052660805,556.7780000000006,"InChI=1S/2C14H30O5/c2*1-2-3-4-5-6-7-8-9-19-11-13(17)14(18)12(16)10-15/h2*12-18H,2-11H2,1H3/t2*12-,13+,14+/m10/s1",0.0021000000000000003,10.1021/acs.iecr.6b02890,10.1016/S0378-5173(99)00078-2
"1-O-pentanoyl-D,L-xylitol",25,53,CCCCC(=O)OC[C@@H](O)[C@H](O)[C@@H](O)CO.CCCCC(=O)OC[C@H](O)[C@@H](O)[C@H](O)CO,0.9208187539523752,472.5280000000003,"InChI=1S/2C10H20O6/c2*1-2-3-4-9(14)16-6-8(13)10(15)7(12)5-11/h2*7-8,10-13,15H,2-6H2,1H3/t2*7-,8+,10+/m10/s1",0.12,10.1021/acs.iecr.6b02890,10.1016/S0378-5173(99)00078-2
"1-O-hexanoyl-D,L-xylitol",25,53,CCCCCC(=O)OC[C@@H](O)[C@H](O)[C@@H](O)CO.CCCCCC(=O)OC[C@H](O)[C@@H](O)[C@H](O)CO,1.2365720064370627,500.5820000000004,"InChI=1S/2C11H22O6/c2*1-2-3-4-5-10(15)17-7-9(14)11(16)8(13)6-12/h2*8-9,11-14,16H,2-7H2,1H3/t2*8-,9+,11+/m10/s1",0.058,10.1021/acs.iecr.6b02890,10.1016/S0378-5173(99)00078-2
"1-O-heptanoyl-D,L-xylitol",25,53,CCCCCCC(=O)OC[C@@H](O)[C@H](O)[C@@H](O)CO.CCCCCCC(=O)OC[C@H](O)[C@@H](O)[C@H](O)CO,2.0,528.6360000000005,"InChI=1S/2C12H24O6/c2*1-2-3-4-5-6-11(16)18-8-10(15)12(17)9(14)7-13/h2*9-10,12-15,17H,2-8H2,1H3/t2*9-,10+,12+/m10/s1",0.01,10.1021/acs.iecr.6b02890,10.1016/S0378-5173(99)00078-2
"1-O-octanoyl-D,L-xylitol",25,53,CCCCCCCC(=O)OC[C@@H](O)[C@H](O)[C@@H](O)CO.CCCCCCCC(=O)OC[C@H](O)[C@@H](O)[C@H](O)CO,1.744727494896694,556.6900000000006,"InChI=1S/2C13H26O6/c2*1-2-3-4-5-6-7-12(17)19-9-11(16)13(18)10(15)8-14/h2*10-11,13-16,18H,2-9H2,1H3/t2*10-,11+,13+/m10/s1",0.018,10.1021/acs.iecr.6b02890,10.1016/S0378-5173(99)00078-2
"1-O-nonanoyl-D,L-xylitol",25,53,CCCCCCCCC(=O)OC[C@@H](O)[C@H](O)[C@@H](O)CO.CCCCCCCCC(=O)OC[C@H](O)[C@@H](O)[C@H](O)CO,2.3565473235138126,584.7440000000007,"InChI=1S/2C14H28O6/c2*1-2-3-4-5-6-7-8-13(18)20-10-12(17)14(19)11(16)9-15/h2*11-12,14-17,19H,2-10H2,1H3/t2*11-,12+,14+/m10/s1",0.0044,10.1021/acs.iecr.6b02890,10.1016/S0378-5173(99)00078-2
"1-O-decanoyl-D,L-xylitol",25,53,CCCCCCCCCC(=O)OC[C@@H](O)[C@H](O)[C@@H](O)CO.CCCCCCCCCC(=O)OC[C@H](O)[C@@H](O)[C@H](O)CO,2.744727494896694,612.7980000000007,"InChI=1S/2C15H30O6/c2*1-2-3-4-5-6-7-8-9-14(19)21-11-13(18)15(20)12(17)10-16/h2*12-13,15-18,20H,2-11H2,1H3/t2*12-,13+,15+/m10/s1",0.0018,10.1021/acs.iecr.6b02890,10.1016/S0378-5173(99)00078-2
"S-butyl-1-thio-D,L-xylitol",25,53,CCCCSC[C@@H](O)[C@H](O)[C@@H](O)CO.CCCCSC[C@H](O)[C@@H](O)[C@H](O)CO,0.744727494896694,448.6440000000002,"InChI=1S/2C9H20O4S/c2*1-2-3-4-14-6-8(12)9(13)7(11)5-10/h2*7-13H,2-6H2,1H3/t2*7-,8+,9+/m10/s1",0.18,10.1021/acs.iecr.6b02890,10.1016/S0378-5173(99)00078-2
"S-pentyl-1-thio-D,L-xylitol",25,53,CCCCCSC[C@@H](O)[C@H](O)[C@@H](O)CO.CCCCCSC[C@H](O)[C@@H](O)[C@H](O)CO,1.337242168318426,476.6980000000003,"InChI=1S/2C10H22O4S/c2*1-2-3-4-5-15-7-9(13)10(14)8(12)6-11/h2*8-14H,2-7H2,1H3/t2*8-,9+,10+/m10/s1",0.046,10.1021/acs.iecr.6b02890,10.1016/S0378-5173(99)00078-2
S-hexyl-1-thio-L-xylitol,20,91,CCCCCCSC[C@@H](O)[C@H](O)[C@@H](O)CO,1.9208187539523751,252.37599999999992,"InChI=1S/C11H24O4S/c1-2-3-4-5-6-16-8-10(14)11(15)9(13)7-12/h9-15H,2-8H2,1H3/t9-,10+,11+/m0/s1",0.012,10.1021/acs.iecr.6b02890,10.1016/j.jcis.2004.01.020
S-octyl-1-thio-L-xylitol,20,91,CCCCCCCCSC[C@@H](O)[C@H](O)[C@@H](O)CO,2.9208187539523753,280.42999999999995,"InChI=1S/C13H28O4S/c1-2-3-4-5-6-7-8-18-10-12(16)13(17)11(15)9-14/h11-17H,2-10H2,1H3/t11-,12+,13+/m0/s1",0.0012,10.1021/acs.iecr.6b02890,10.1016/j.jcis.2004.01.020
S-decyl-1-thio-L-xylitol,20,91,CCCCCCCCCCSC[C@@H](O)[C@H](O)[C@@H](O)CO,3.3979400086720375,308.48400000000004,"InChI=1S/C15H32O4S/c1-2-3-4-5-6-7-8-9-10-20-12-14(18)15(19)13(17)11-16/h13-19H,2-12H2,1H3/t13-,14+,15+/m0/s1",0.0004,10.1021/acs.iecr.6b02890,10.1016/j.jcis.2004.01.020
S-hexyl-1-thio-D-lyxitol,20,91,CCCCCCSC[C@@H](O)[C@@H](O)[C@H](O)CO,1.744727494896694,252.37599999999992,"InChI=1S/C11H24O4S/c1-2-3-4-5-6-16-8-10(14)11(15)9(13)7-12/h9-15H,2-8H2,1H3/t9-,10-,11+/m1/s1",0.018,10.1021/acs.iecr.6b02890,10.1016/j.jcis.2004.01.020
S-octyl-1-thio-D-lyxitol,20,91,CCCCCCCCSC[C@@H](O)[C@@H](O)[C@H](O)CO,2.744727494896694,280.42999999999995,"InChI=1S/C13H28O4S/c1-2-3-4-5-6-7-8-18-10-12(16)13(17)11(15)9-14/h11-17H,2-10H2,1H3/t11-,12-,13+/m1/s1",0.0018,10.1021/acs.iecr.6b02890,10.1016/j.jcis.2004.01.020
S-hexyl-1-thio-L-ribitol,20,91,CCCCCCSC[C@@H](O)[C@@H](O)[C@@H](O)CO,1.9913998282380825,252.37599999999992,"InChI=1S/C11H24O4S/c1-2-3-4-5-6-16-8-10(14)11(15)9(13)7-12/h9-15H,2-8H2,1H3/t9-,10+,11-/m0/s1",0.010199999999999999,10.1021/acs.iecr.6b02890,10.1016/j.jcis.2004.01.020
S-octyl-1-thio-L-ribitol,20,91,CCCCCCCCSC[C@@H](O)[C@@H](O)[C@@H](O)CO,3.42021640338319,280.42999999999995,"InChI=1S/C13H28O4S/c1-2-3-4-5-6-7-8-18-10-12(16)13(17)11(15)9-14/h11-17H,2-10H2,1H3/t11-,12+,13-/m0/s1",0.00038,10.1021/acs.iecr.6b02890,10.1016/j.jcis.2004.01.020
S-hexyl-5-thio-D-arabinonolactone,20,91,CCCCCCSC[C@H]1OC(=O)[C@@H](O)[C@@H]1O,2.1739251972991736,248.3439999999999,"InChI=1S/C11H20O4S/c1-2-3-4-5-6-16-7-8-9(12)10(13)11(14)15-8/h8-10,12-13H,2-7H2,1H3/t8-,9-,10+/m1/s1",0.0067,10.1021/acs.iecr.6b02890,10.1016/j.jcis.2004.01.020
S-octyl-5-thio-D-arabinonolactone,20,91,CCCCCCCCSC[C@H]1OC(=O)[C@@H](O)[C@@H]1O,3.318758762624413,276.39799999999997,"InChI=1S/C13H24O4S/c1-2-3-4-5-6-7-8-18-9-10-11(14)12(15)13(16)17-10/h10-12,14-15H,2-9H2,1H3/t10-,11-,12+/m1/s1",0.00047999999999999996,10.1021/acs.iecr.6b02890,10.1016/j.jcis.2004.01.020
S-decyl-5-thio-D-arabinonolactone,20,91,CCCCCCCCCCSC[C@H]1OC(=O)[C@@H](O)[C@@H]1O,4.481486060122113,304.45200000000006,"InChI=1S/C15H28O4S/c1-2-3-4-5-6-7-8-9-10-20-11-12-13(16)14(17)15(18)19-12/h12-14,16-17H,2-11H2,1H3/t12-,13-,14+/m1/s1",3.3e-05,10.1021/acs.iecr.6b02890,10.1016/j.jcis.2004.01.020
S-hexyl-5-thio-D-xylonolactone,20,91,CCCCCCSC[C@H]1OC(=O)[C@H](O)[C@H]1O,2.3010299956639813,248.3439999999999,"InChI=1S/C11H20O4S/c1-2-3-4-5-6-16-7-8-9(12)10(13)11(14)15-8/h8-10,12-13H,2-7H2,1H3/t8-,9+,10-/m1/s1",0.005,10.1021/acs.iecr.6b02890,10.1016/j.jcis.2004.01.020
S-octyl-5-thio-D-xylonolactone,20,91,CCCCCCCCSC[C@H]1OC(=O)[C@H](O)[C@H]1O,3.275724130399211,276.39799999999997,"InChI=1S/C13H24O4S/c1-2-3-4-5-6-7-8-18-9-10-11(14)12(15)13(16)17-10/h10-12,14-15H,2-9H2,1H3/t10-,11+,12-/m1/s1",0.00053,10.1021/acs.iecr.6b02890,10.1016/j.jcis.2004.01.020
S-decyl-5-thio-D-xylonolactone,20,91,CCCCCCCCCCSC[C@H]1OC(=O)[C@H](O)[C@H]1O,4.638272163982407,304.45200000000006,"InChI=1S/C15H28O4S/c1-2-3-4-5-6-7-8-9-10-20-11-12-13(16)14(17)15(18)19-12/h12-14,16-17H,2-11H2,1H3/t12-,13+,14-/m1/s1",2.3e-05,10.1021/acs.iecr.6b02890,10.1016/j.jcis.2004.01.020
1-butylhexyl-β-D-glucoside,25,54,CCCCCC(CCCC)O[C@@H]1O[C@H](CO)[C@@H](O)[C@H](O)[C@H]1O,1.8239087409443189,320.426,"InChI=1S/C16H32O6/c1-3-5-7-9-11(8-6-4-2)21-16-15(20)14(19)13(18)12(10-17)22-16/h11-20H,3-10H2,1-2H3/t11?,12-,13-,14+,15-,16-/m1/s1",0.015,10.1021/acs.iecr.6b02890,10.5650/jos1956.40.709
1-propylheptyl-β-D-glucoside,25,54,CCCCCCC(CCC)O[C@@H]1O[C@H](CO)[C@@H](O)[C@H](O)[C@H]1O,1.9208187539523751,320.426,"InChI=1S/C16H32O6/c1-3-5-6-7-9-11(8-4-2)21-16-15(20)14(19)13(18)12(10-17)22-16/h11-20H,3-10H2,1-2H3/t11?,12-,13-,14+,15-,16-/m1/s1",0.012,10.1021/acs.iecr.6b02890,10.5650/jos1956.40.709
1-ethyloctyl-β-D-glucoside,25,54,CCCCCCC(CC)O[C@@H]1O[C@H](CO)[C@@H](O)[C@H](O)[C@H]1O,2.070581074285707,306.399,"InChI=1S/C15H30O6/c1-3-5-6-7-8-10(4-2)20-15-14(19)13(18)12(17)11(9-16)21-15/h10-19H,3-9H2,1-2H3/t10?,11-,12-,13+,14-,15-/m1/s1",0.0085,10.1021/acs.iecr.6b02890,10.5650/jos1956.40.709
1-methylnonyl-β-D-glucoside,25,54,CCCCCCCCC(C)O[C@@H]1O[C@H](CO)[C@@H](O)[C@H](O)[C@H]1O,2.3467874862246565,320.426,"InChI=1S/C16H32O6/c1-3-4-5-6-7-8-9-11(2)21-16-15(20)14(19)13(18)12(10-17)22-16/h11-20H,3-10H2,1-2H3/t11?,12-,13-,14+,15-,16-/m1/s1",0.0045,10.1021/acs.iecr.6b02890,10.5650/jos1956.40.709
octanoyl-β-D-galactosylamine,25,92,CCCCCCCC(=O)N[C@@H]1O[C@H](CO)[C@H](O)[C@H](O)[C@H]1O,1.3467874862246563,305.3710000000001,"InChI=1S/C14H27NO6/c1-2-3-4-5-6-7-10(17)15-14-13(20)12(19)11(18)9(8-16)21-14/h9,11-14,16,18-20H,2-8H2,1H3,(H,15,17)/t9-,11+,12+,13-,14-/m1/s1",0.045,10.1021/acs.iecr.6b02890,10.1080/07328309408011677
octanoyl-β-D-glucosylamine,25,92,CCCCCCCC(=O)N[C@@H]1O[C@H](CO)[C@@H](O)[C@H](O)[C@H]1O,1.154901959985743,305.37100000000004,"InChI=1S/C14H27NO6/c1-2-3-4-5-6-7-10(17)15-14-13(20)12(19)11(18)9(8-16)21-14/h9,11-14,16,18-20H,2-8H2,1H3,(H,15,17)/t9-,11-,12+,13-,14-/m1/s1",0.07,10.1021/acs.iecr.6b02890,10.1080/07328309408011677
"3,7-dimethyloctyl-β-D-glucoside",25,93,CC(C)CCCC(C)CCO[C@@H]1O[C@H](CO)[C@@H](O)[C@H](O)[C@H]1O,2.3979400086720375,320.42600000000004,"InChI=1S/C16H32O6/c1-10(2)5-4-6-11(3)7-8-21-16-15(20)14(19)13(18)12(9-17)22-16/h10-20H,4-9H2,1-3H3/t11?,12-,13-,14+,15-,16-/m1/s1",0.004,10.1021/acs.iecr.6b02890,10.1016/j.chemphyslip.2005.01.001
"3,7-dimethyloctyl-β-D-maltoside",25,93,CC(C)CCCC(C)CCOC1OC(CO)C(OC2OC(CO)C(O)C(O)C2O)C(O)C1O,2.275724130399211,482.5670000000001,"InChI=1S/C22H42O11/c1-11(2)5-4-6-12(3)7-8-30-21-19(29)17(27)20(14(10-24)32-21)33-22-18(28)16(26)15(25)13(9-23)31-22/h11-29H,4-10H2,1-3H3",0.0053,10.1021/acs.iecr.6b02890,10.1016/j.chemphyslip.2005.01.001
"3,7-dimethyloctyl-β-D-maltotrioside",25,93,CC(C)CCCC(C)CCO[C@H]1O[C@H](CO)[C@@H](O[C@H]2O[C@H](CO)[C@@H](O[C@H]3O[C@H](CO)[C@@H](O)[C@H](O)[C@H]3O)[C@H](O)[C@H]2O)[C@H](O)[C@H]1O,2.3010299956639813,644.7080000000004,"InChI=1S/C28H52O16/c1-12(2)5-4-6-13(3)7-8-39-26-22(37)19(34)24(15(10-30)41-26)44-28-23(38)20(35)25(16(11-31)42-28)43-27-21(36)18(33)17(32)14(9-29)40-27/h12-38H,4-11H2,1-3H3/t13?,14-,15-,16-,17-,18+,19-,20-,21-,22-,23-,24-,25-,26+,27-,28-/m1/s1",0.005,10.1021/acs.iecr.6b02890,10.1016/j.chemphyslip.2005.01.001
2-amino-2-deoxy-octyl-β-D-glucoside,25,94,CCCCCCCCO[C@@H]1O[C@H](CO)[C@@H](O)[C@H](O)[C@H]1N,1.6382721639824072,291.3880000000001,"InChI=1S/C14H29NO5/c1-2-3-4-5-6-7-8-19-14-11(15)13(18)12(17)10(9-16)20-14/h10-14,16-18H,2-9,15H2,1H3/t10-,11-,12-,13-,14-/m1/s1",0.023,10.1021/acs.iecr.6b02890,10.1021/la950485i
2-amino-2-deoxy-nonyl-β-D-glucoside,25,94,CCCCCCCCCO[C@@H]1O[C@H](CO)[C@@H](O)[C@H](O)[C@H]1N,2.154901959985743,305.4150000000001,"InChI=1S/C15H31NO5/c1-2-3-4-5-6-7-8-9-20-15-12(16)14(19)13(18)11(10-17)21-15/h11-15,17-19H,2-10,16H2,1H3/t11-,12-,13-,14-,15-/m1/s1",0.007,10.1021/acs.iecr.6b02890,10.1021/la950485i
N-decyl-N-methyl gluconamide,25,95,CCCCCCCCCCN(C)C(=O)[C@H](O)[C@@H](O)[C@H](O)[C@H](O)CO,2.886056647693163,349.4680000000001,"InChI=1S/C17H35NO6/c1-3-4-5-6-7-8-9-10-11-18(2)17(24)16(23)15(22)14(21)13(20)12-19/h13-16,19-23H,3-12H2,1-2H3/t13-,14-,15+,16-/m1/s1",0.0013,10.1021/acs.iecr.6b02890,10.1006/jcis.2001.7704
N-dodecyl-N-methyl gluconamide,20,95,CCCCCCCCCCCCN(C)C(=O)[C@H](O)[C@@H](O)[C@H](O)[C@H](O)CO,3.853871964321762,377.52200000000005,"InChI=1S/C19H39NO6/c1-3-4-5-6-7-8-9-10-11-12-13-20(2)19(26)18(25)17(24)16(23)15(22)14-21/h15-18,21-25H,3-14H2,1-2H3/t15-,16-,17+,18-/m1/s1",0.00014000000000000001,10.1021/acs.iecr.6b02890,10.1006/jcis.2001.7704
N-tetradecyl-N-methyl gluconamide,20,95,CCCCCCCCCCCCCCCCN(C)C(=O)[C@H](O)[C@@H](O)[C@H](O)[C@H](O)CO,4.619788758288394,433.63000000000005,"InChI=1S/C23H47NO6/c1-3-4-5-6-7-8-9-10-11-12-13-14-15-16-17-24(2)23(30)22(29)21(28)20(27)19(26)18-25/h19-22,25-29H,3-18H2,1-2H3/t19-,20-,21+,22-/m1/s1",2.4e-05,10.1021/acs.iecr.6b02890,10.1006/jcis.2001.7704
N-oleyl-N-methyl gluconamide,20,95,CCCCCCCC/C=C\CCCCCCCCN(C)C(=O)[C@H](O)[C@@H](O)[C@H](O)[C@H](O)CO,4.494850021680094,459.6680000000001,"InChI=1S/C25H49NO6/c1-3-4-5-6-7-8-9-10-11-12-13-14-15-16-17-18-19-26(2)25(32)24(31)23(30)22(29)21(28)20-27/h10-11,21-24,27-31H,3-9,12-20H2,1-2H3/b11-10-/t21-,22-,23+,24-/m1/s1",3.2e-05,10.1021/acs.iecr.6b02890,10.1006/jcis.2001.7704
N-decyl-N-methyl lactobionamide,20,95,CCCCCCCCCCN(C)C(=O)[C@H](O)[C@@H](O)[C@H](O[C@@H]1O[C@H](O)[C@H](O)[C@H](O)[C@H]1O)[C@H](O)CO,2.638272163982407,497.58200000000016,"InChI=1S/C22H43NO11/c1-3-4-5-6-7-8-9-10-11-23(2)20(31)16(28)15(27)19(13(25)12-24)33-22-18(30)14(26)17(29)21(32)34-22/h13-19,21-22,24-30,32H,3-12H2,1-2H3/t13-,14+,15-,16-,17-,18-,19-,21+,22-/m1/s1",0.0023,10.1021/acs.iecr.6b02890,10.1006/jcis.2001.7704
N-dodecyl-N-methyl lactobionamide,20,95,CCCCCCCCCCCCN(C)C(=O)[C@H](O)[C@@H](O)[C@H](O[C@@H]1O[C@H](O)[C@H](O)[C@H](O)[C@H]1O)[C@H](O)CO,3.6020599913279625,525.6360000000002,"InChI=1S/C24H47NO11/c1-3-4-5-6-7-8-9-10-11-12-13-25(2)22(33)18(30)17(29)21(15(27)14-26)35-24-20(32)16(28)19(31)23(34)36-24/h15-21,23-24,26-32,34H,3-14H2,1-2H3/t15-,16+,17-,18-,19-,20-,21-,23+,24-/m1/s1",0.00025,10.1021/acs.iecr.6b02890,10.1006/jcis.2001.7704
N-tetradecyl-N-methyl lactobionamide,20,95,CCCCCCCCCCCCCCN(C)C(=O)[C@H](O)[C@@H](O)[C@H](O[C@@H]1O[C@H](C)[C@H](O)[C@H](O)[C@H]1O)[C@H](O)CO,4.443697499232713,551.7180000000001,"InChI=1S/C27H53NO10/c1-4-5-6-7-8-9-10-11-12-13-14-15-16-28(3)26(36)23(34)22(33)25(19(30)17-29)38-27-24(35)21(32)20(31)18(2)37-27/h18-25,27,29-35H,4-17H2,1-3H3/t18-,19-,20+,21+,22-,23-,24-,25-,27+/m1/s1",3.5999999999999994e-05,10.1021/acs.iecr.6b02890,10.1006/jcis.2001.7704
N-hexadecyl-N-methyl lactobionamide,20,95,CCCCCCCCCCCCCCCCN(C)C(=O)[C@H](O)[C@@H](O)[C@H](O[C@@H]1O[C@H](O)[C@H](O)[C@H](O)[C@H]1O)[C@H](O)CO,5.031517051446065,581.7440000000003,"InChI=1S/C28H55NO11/c1-3-4-5-6-7-8-9-10-11-12-13-14-15-16-17-29(2)26(37)22(34)21(33)25(19(31)18-30)39-28-24(36)20(32)23(35)27(38)40-28/h19-25,27-28,30-36,38H,3-18H2,1-2H3/t19-,20+,21-,22-,23-,24-,25-,27+,28-/m1/s1",9.299999999999999e-06,10.1021/acs.iecr.6b02890,10.1006/jcis.2001.7704
N-octadecyl-N-methyl lactobionamide,20,95,CCCCCCCCCCCCCCCCCCN(C)C(=O)[C@H](O)[C@@H](O)[C@H](O[C@@H]1O[C@H](O)[C@H](O)[C@H](O)[C@H]1O)[C@H](O)CO,5.481486060122113,609.7980000000002,"InChI=1S/C30H59NO11/c1-3-4-5-6-7-8-9-10-11-12-13-14-15-16-17-18-19-31(2)28(39)24(36)23(35)27(21(33)20-32)41-30-26(38)22(34)25(37)29(40)42-30/h21-27,29-30,32-38,40H,3-20H2,1-2H3/t21-,22+,23-,24-,25-,26-,27-,29+,30-/m1/s1",3.3e-06,10.1021/acs.iecr.6b02890,10.1006/jcis.2001.7704
N-oleyl-N-methyl lactobionamide,20,95,CCCCCCCC/C=C\CCCCCCCCN(C)C(=O)[C@H](O)[C@@H](O)[C@H](O[C@@H]1O[C@H](O)[C@H](O)[C@H](O)[C@H]1O)[C@H](O)CO,4.267606240177032,607.7820000000003,"InChI=1S/C30H57NO11/c1-3-4-5-6-7-8-9-10-11-12-13-14-15-16-17-18-19-31(2)28(39)24(36)23(35)27(21(33)20-32)41-30-26(38)22(34)25(37)29(40)42-30/h10-11,21-27,29-30,32-38,40H,3-9,12-20H2,1-2H3/b11-10-/t21-,22+,23-,24-,25-,26-,27-,29+,30-/m1/s1",5.4e-05,10.1021/acs.iecr.6b02890,10.1006/jcis.2001.7704
dodecanoyl-N-methylglyceramine,25,96,CCCCCCCCCC(=O)N(C)CC(O)CO,3.638272163982407,259.38999999999993,"InChI=1S/C14H29NO3/c1-3-4-5-6-7-8-9-10-14(18)15(2)11-13(17)12-16/h13,16-17H,3-12H2,1-2H3",0.00023,10.1021/acs.iecr.6b02890,10.1007/s11743-999-0089-0
dodecanoyl-N-methylxylamine,25,96,CCCCCCCCCC(=O)N(C)C[C@H](O)[C@@H](O)[C@H](O)CO,3.4436974992327127,319.44200000000006,"InChI=1S/C16H33NO5/c1-3-4-5-6-7-8-9-10-15(21)17(2)11-13(19)16(22)14(20)12-18/h13-14,16,18-20,22H,3-12H2,1-2H3/t13-,14+,16+/m0/s1",0.00035999999999999997,10.1021/acs.iecr.6b02890,10.1007/s11743-999-0089-0
octanoyl-N-methylglucamine,25,86,CCCCCCCC(=O)N(C)C[C@H](O)[C@@H](O)[C@H](O)[C@H](O)CO,1.1611509092627446,321.41400000000004,"InChI=1S/C15H31NO6/c1-3-4-5-6-7-8-13(20)16(2)9-11(18)14(21)15(22)12(19)10-17/h11-12,14-15,17-19,21-22H,3-10H2,1-2H3/t11-,12+,14+,15+/m0/s1",0.069,10.1021/acs.iecr.6b02890,10.1246/bcsj.60.2719
nonanoyl-N-methylglucamine,25,86,CCCCCCCCC(=O)N(C)C[C@H](O)[C@@H](O)[C@H](O)[C@H](O)CO,1.6777807052660807,335.4410000000001,"InChI=1S/C16H33NO6/c1-3-4-5-6-7-8-9-14(21)17(2)10-12(19)15(22)16(23)13(20)11-18/h12-13,15-16,18-20,22-23H,3-11H2,1-2H3/t12-,13+,15+,16+/m0/s1",0.021,10.1021/acs.iecr.6b02890,10.1246/bcsj.60.2719
decanoyl-N-methylglucamine,25,86,CCCCCCCCCC(=O)N(C)C[C@H](O)[C@@H](O)[C@H](O)[C@H](O)CO,2.1739251972991736,349.4680000000001,"InChI=1S/C17H35NO6/c1-3-4-5-6-7-8-9-10-15(22)18(2)11-13(20)16(23)17(24)14(21)12-19/h13-14,16-17,19-21,23-24H,3-12H2,1-2H3/t13-,14+,16+,17+/m0/s1",0.0067,10.1021/acs.iecr.6b02890,10.1246/bcsj.60.2719
decyl-β-D-maltoside,25,97,CCCCCCCCCCO[C@@H]1O[C@H](CO)[C@@H](O[C@H]2O[C@H](CO)[C@@H](O)[C@H](O)[C@H]2O)[C@H](O)[C@H]1O,2.6989700043360187,482.5670000000001,"InChI=1S/C22H42O11/c1-2-3-4-5-6-7-8-9-10-30-21-19(29)17(27)20(14(12-24)32-21)33-22-18(28)16(26)15(25)13(11-23)31-22/h13-29H,2-12H2,1H3/t13-,14-,15-,16+,17-,18-,19-,20-,21-,22-/m1/s1",0.002,10.1021/acs.iecr.6b02890,10.1021/la980519x
decyl-β-D-glucoside,25,97,CCCCCCCCCCO[C@@H]1O[C@H](CO)[C@@H](O)[C@H](O)[C@H]1O,2.6989700043360187,320.4260000000001,"InChI=1S/C16H32O6/c1-2-3-4-5-6-7-8-9-10-21-16-15(20)14(19)13(18)12(11-17)22-16/h12-20H,2-11H2,1H3/t12-,13-,14+,15-,16-/m1/s1",0.002,10.1021/acs.iecr.6b02890,10.1021/la980519x
dodecyl-β-D-maltoside,22,98,CCCCCCCCCCCCO[C@@H]1O[C@H](CO)[C@@H](O[C@H]2O[C@H](CO)[C@@H](O)[C@H](O)[C@H]2O)[C@H](O)[C@H]1O,3.769551078621726,510.6210000000001,"InChI=1S/C24H46O11/c1-2-3-4-5-6-7-8-9-10-11-12-32-23-21(31)19(29)22(16(14-26)34-23)35-24-20(30)18(28)17(27)15(13-25)33-24/h15-31H,2-14H2,1H3/t15-,16-,17-,18+,19-,20-,21-,22-,23-,24-/m1/s1",0.00017,10.1021/acs.iecr.6b02890,10.1021/la026943m
oleyl-β-D-maltoside,25,99,CCCCCCCC/C=C\CCCCCCCCOC1OC(CO)C(OC2OC(CO)C(O)C(O)C2O)C(O)C1O,4.698970004336019,592.7670000000004,"InChI=1S/C30H56O11/c1-2-3-4-5-6-7-8-9-10-11-12-13-14-15-16-17-18-38-29-27(37)25(35)28(22(20-32)40-29)41-30-26(36)24(34)23(33)21(19-31)39-30/h9-10,21-37H,2-8,11-20H2,1H3/b10-9-",2e-05,10.1021/acs.iecr.6b02890,10.1016/j.jcis.2004.10.039
oleyl-β-D-maltotrioside,25,99,CCCCCCCC/C=C\CCCCCCCCO[C@H]1O[C@H](CO)[C@@H](O[C@H]2O[C@H](CO)[C@@H](O[C@H]3O[C@H](CO)[C@@H](O)[C@H](O)[C@H]3O)[C@H](O)[C@H]2O)[C@H](O)[C@H]1O,4.376750709602099,754.9080000000006,"InChI=1S/C36H66O16/c1-2-3-4-5-6-7-8-9-10-11-12-13-14-15-16-17-18-47-34-30(45)27(42)32(23(20-38)49-34)52-36-31(46)28(43)33(24(21-39)50-36)51-35-29(44)26(41)25(40)22(19-37)48-35/h9-10,22-46H,2-8,11-21H2,1H3/b10-9-/t22-,23-,24-,25-,26+,27-,28-,29-,30-,31-,32-,33-,34+,35-,36-/m1/s1",4.2000000000000004e-05,10.1021/acs.iecr.6b02890,10.1016/j.jcis.2004.10.039
[N-(oleoyl)-2 -ethylamino]-β-D-maltoside,25,99,CCCCCCCC/C=C\CCCCCCCC(=O)NCCOC1O[C@H](CO)[C@@H](O[C@H]2O[C@H](CO)[C@@H](O)[C@H](O)[C@H]2O)[C@H](O)[C@H]1O,4.045757490560675,649.8190000000004,"InChI=1S/C32H59NO12/c1-2-3-4-5-6-7-8-9-10-11-12-13-14-15-16-17-24(36)33-18-19-42-31-29(41)27(39)30(23(21-35)44-31)45-32-28(40)26(38)25(37)22(20-34)43-32/h9-10,22-23,25-32,34-35,37-41H,2-8,11-21H2,1H3,(H,33,36)/b10-9-/t22-,23-,25-,26+,27-,28-,29-,30-,31?,32-/m1/s1",8.999999999999999e-05,10.1021/acs.iecr.6b02890,10.1016/j.jcis.2004.10.039
hexyl-D-maltonamide,25,100,CCCCCCNC(=O)[C@H](O)[C@@H](O)[C@H](O[C@H]1O[C@H](CO)[C@@H](O)[C@H](O)[C@H]1O)[C@H](O)CO,1.080921907623926,441.4740000000001,"InChI=1S/C18H35NO11/c1-2-3-4-5-6-19-17(28)14(26)13(25)16(9(22)7-20)30-18-15(27)12(24)11(23)10(8-21)29-18/h9-16,18,20-27H,2-8H2,1H3,(H,19,28)/t9-,10-,11-,12+,13-,14-,15-,16-,18-/m1/s1",0.083,10.1021/acs.iecr.6b02890,10.1006/jcis.1996.0054
octyl-D-maltonamide,25,100,CCCCCCCCNC(=O)[C@H](O)[C@@H](O)[C@H](O[C@H]1O[C@H](CO)[C@@H](O)[C@H](O)[C@H]1O)[C@H](O)CO,2.2441251443275085,469.52800000000013,"InChI=1S/C20H39NO11/c1-2-3-4-5-6-7-8-21-19(30)16(28)15(27)18(11(24)9-22)32-20-17(29)14(26)13(25)12(10-23)31-20/h11-18,20,22-29H,2-10H2,1H3,(H,21,30)/t11-,12-,13-,14+,15-,16-,17-,18-,20-/m1/s1",0.0057,10.1021/acs.iecr.6b02890,10.1006/jcis.1996.0054
decyl-D-maltonamide,25,100,CCCCCCCCCCNC(=O)[C@H](O)[C@@H](O)[C@H](O[C@H]1O[C@H](CO)[C@@H](O)[C@H](O)[C@H]1O)[C@H](O)CO,2.886056647693163,497.5820000000001,"InChI=1S/C22H43NO11/c1-2-3-4-5-6-7-8-9-10-23-21(32)18(30)17(29)20(13(26)11-24)34-22-19(31)16(28)15(27)14(12-25)33-22/h13-20,22,24-31H,2-12H2,1H3,(H,23,32)/t13-,14-,15-,16+,17-,18-,19-,20-,22-/m1/s1",0.0013,10.1021/acs.iecr.6b02890,10.1006/jcis.1996.0054
dodecyl-D-maltonamide,25,100,CCCCCCCCCCCCNC(=O)[C@H](O)[C@@H](O)[C@H](O[C@H]1O[C@H](CO)[C@@H](O)[C@H](O)[C@H]1O)[C@H](O)CO,3.5086383061657274,525.6360000000001,"InChI=1S/C24H47NO11/c1-2-3-4-5-6-7-8-9-10-11-12-25-23(34)20(32)19(31)22(15(28)13-26)36-24-21(33)18(30)17(29)16(14-27)35-24/h15-22,24,26-33H,2-14H2,1H3,(H,25,34)/t15-,16-,17-,18+,19-,20-,21-,22-,24-/m1/s1",0.00031,10.1021/acs.iecr.6b02890,10.1006/jcis.1996.0054
decyl-D-lactobionamide,25,51,CCCCCCCCCCNC(=O)[C@H](O)[C@@H](O)[C@H](O[C@@H]1O[C@H](O)[C@H](O)[C@H](O)[C@H]1O)[C@H](O)CO,2.886056647693163,483.5550000000001,"InChI=1S/C21H41NO11/c1-2-3-4-5-6-7-8-9-10-22-19(30)15(27)14(26)18(12(24)11-23)32-21-17(29)13(25)16(28)20(31)33-21/h12-18,20-21,23-29,31H,2-11H2,1H3,(H,22,30)/t12-,13+,14-,15-,16-,17-,18-,20+,21-/m1/s1",0.0013,10.1021/acs.iecr.6b02890,10.1007/BFb0118076
6′-O-dodecanoylmaltose,22,55,CCCCCCCCCCCC(=O)OC1O[C@H](CO)[C@@H](O[C@H]2O[C@H](CO)[C@@H](O)[C@H](O)[C@H]2O)[C@H](O)[C@H]1O,3.4814860601221125,524.6040000000002,"InChI=1S/C24H44O12/c1-2-3-4-5-6-7-8-9-10-11-16(27)35-23-21(32)19(30)22(15(13-26)34-23)36-24-20(31)18(29)17(28)14(12-25)33-24/h14-15,17-26,28-32H,2-13H2,1H3/t14-,15-,17-,18+,19-,20-,21-,22-,23?,24-/m1/s1",0.00033,10.1021/acs.iecr.6b02890,10.1021/la001309z
N-decanoyl-N-methyl lactitolamine,25,101,CCCCCCCCCC(=O)NC[C@H](O)[C@@H](O)[C@H](O[C@@H]1O[C@H](CO)[C@H](O)[C@H](O)[C@H]1O)[C@H](O)CO,2.4814860601221125,497.5820000000002,"InChI=1S/C22H43NO11/c1-2-3-4-5-6-7-8-9-16(28)23-10-13(26)17(29)21(14(27)11-24)34-22-20(32)19(31)18(30)15(12-25)33-22/h13-15,17-22,24-27,29-32H,2-12H2,1H3,(H,23,28)/t13-,14+,15+,17+,18-,19-,20+,21+,22-/m0/s1",0.0033,10.1021/acs.iecr.6b02890,10.1007/s11743-001-0169-1
N-dodecanoyl-N-methyl lactitolamine,25,101,CCCCCCCCCC(=O)NC[C@H](O)[C@@H](O)[C@H](O[C@@H]1O[C@H](CO)[C@H](O)[C@H](O)[C@H]1O)[C@H](O)CO,3.3467874862246565,497.5820000000002,"InChI=1S/C22H43NO11/c1-2-3-4-5-6-7-8-9-16(28)23-10-13(26)17(29)21(14(27)11-24)34-22-20(32)19(31)18(30)15(12-25)33-22/h13-15,17-22,24-27,29-32H,2-12H2,1H3,(H,23,28)/t13-,14+,15+,17+,18-,19-,20+,21+,22-/m0/s1",0.00045,10.1021/acs.iecr.6b02890,10.1007/s11743-001-0169-1
N-tetradecanoyl-N-methyl lactitolamine,25,101,CCCCCCCCCCCC(=O)NC[C@H](O)[C@@H](O)[C@H](O[C@@H]1O[C@H](CO)[C@H](O)[C@H](O)[C@H]1O)[C@H](O)CO,4.167491087293763,525.6360000000002,"InChI=1S/C24H47NO11/c1-2-3-4-5-6-7-8-9-10-11-18(30)25-12-15(28)19(31)23(16(29)13-26)36-24-22(34)21(33)20(32)17(14-27)35-24/h15-17,19-24,26-29,31-34H,2-14H2,1H3,(H,25,30)/t15-,16+,17+,19+,20-,21-,22+,23+,24-/m0/s1",6.8e-05,10.1021/acs.iecr.6b02890,10.1007/s11743-001-0169-1
nonyl-β-D-glucoside,20,102,CCCCCCCCCO[C@@H]1O[C@H](CO)[C@@H](O)[C@H](O)[C@H]1O,2.161150909262745,306.39900000000006,"InChI=1S/C15H30O6/c1-2-3-4-5-6-7-8-9-20-15-14(19)13(18)12(17)11(10-16)21-15/h11-19H,2-10H2,1H3/t11-,12-,13+,14-,15-/m1/s1",0.006900000000000001,10.1021/acs.iecr.6b02890,10.1021/la035613e
6-O-[(hexyloctyl)-3-propylsulfide)ethanoyl]-D-mannose,25,56,CCCCCCC(CCCCCCCOC[C@H]1OC(O)[C@@H](O)[C@@H](O)[C@@H]1O)C(CC)SCCC,5.200659450546418,492.76300000000015,"InChI=1S/C26H52O6S/c1-4-7-8-12-15-20(22(6-3)33-18-5-2)16-13-10-9-11-14-17-31-19-21-23(27)24(28)25(29)26(30)32-21/h20-30H,4-19H2,1-3H3/t20?,21-,22?,23-,24+,25+,26?/m1/s1",6.3e-06,10.1021/acs.iecr.6b02890,10.1016/j.carres.2013.07.003
6-O-dodecanoylsucrose,20,90,CCCCCCCCCCC(=O)OC[C@H]1O[C@H](O[C@]2(CO)O[C@H](CO)[C@@H](O)[C@@H]2O)[C@H](O)[C@@H](O)[C@@H]1O,3.337242168318426,510.57700000000017,"InChI=1S/C23H42O12/c1-2-3-4-5-6-7-8-9-10-16(26)32-12-15-17(27)19(29)20(30)22(33-15)35-23(13-25)21(31)18(28)14(11-24)34-23/h14-15,17-22,24-25,27-31H,2-13H2,1H3/t14-,15-,17-,18-,19+,20-,21+,22-,23+/m1/s1",0.00046,10.1021/acs.iecr.6b02890,10.1016/0927-7757(95)03250-H
6-O-dodecanoylraffinose,20,90,CCCCCCCCCCC(=O)OC[C@H]1O[C@H](OC[C@H]2O[C@H](O[C@]3(CO)O[C@H](CO)[C@@H](O)[C@@H]3O)[C@H](O)[C@@H](O)[C@@H]2O)[C@H](O)[C@@H](O)[C@H]1O,3.0222763947111524,672.7180000000006,"InChI=1S/C29H52O17/c1-2-3-4-5-6-7-8-9-10-18(32)41-12-16-19(33)22(36)24(38)27(43-16)42-13-17-20(34)23(37)25(39)28(44-17)46-29(14-31)26(40)21(35)15(11-30)45-29/h15-17,19-28,30-31,33-40H,2-14H2,1H3/t15-,16-,17-,19+,20-,21-,22+,23+,24-,25-,26+,27+,28-,29+/m1/s1",0.00095,10.1021/acs.iecr.6b02890,10.1016/0927-7757(95)03250-H
6-O-dodecanoylstachyose,20,90,CCCCCCCCCCC(=O)OC[C@H]1O[C@H](OC[C@H]2O[C@H](OC[C@H]3O[C@H](O[C@]4(CO)O[C@H](CO)[C@@H](O)[C@@H]4O)[C@H](O)[C@@H](O)[C@@H]3O)[C@H](O)[C@@H](O)[C@H]2O)[C@H](O)[C@@H](O)[C@H]1O,2.638272163982407,834.8590000000011,"InChI=1S/C35H62O22/c1-2-3-4-5-6-7-8-9-10-20(38)50-12-17-21(39)25(43)28(46)32(53-17)51-13-18-22(40)26(44)29(47)33(54-18)52-14-19-23(41)27(45)30(48)34(55-19)57-35(15-37)31(49)24(42)16(11-36)56-35/h16-19,21-34,36-37,39-49H,2-15H2,1H3/t16-,17-,18-,19-,21+,22+,23-,24-,25+,26+,27+,28-,29-,30-,31+,32+,33+,34-,35+/m1/s1",0.0023,10.1021/acs.iecr.6b02890,10.1016/0927-7757(95)03250-H
octyl-β-D-thioglucoside,25,103,CCCCCCCCSC1O[C@H](CO)[C@@H](O)[C@H](O)[C@H]1O,2.070581074285707,308.44,"InChI=1S/C14H28O5S/c1-2-3-4-5-6-7-8-20-14-13(18)12(17)11(16)10(9-15)19-14/h10-18H,2-9H2,1H3/t10-,11-,12+,13-,14?/m1/s1",0.0085,10.1021/acs.iecr.6b02890,10.1021/jp0480551
