Tsubone, 2001
Tsubone, 2001
Desai, 1992
Desai, 1992
Miyagishi, 1989
Tsubone, 2001
Tsubone, 2001
Tsubone, 2001
Tsubone, 2001
Miyagishi, 1989
Miyagishi, 1989
Miyagishi, 1989
Miyagishi, 1989
Desai, 1992
Ohta, 2003
Ohta, 2003
Klevens, 1948
Dahanayake, 1986
Dahanayake, 1986
Dahanayake, 1986
Dahanayake, 1986
Dahanayake, 1986
Dahanayake, 1986
Dahanayake, 1986
Dahanayake, 1986
Dahanayake, 1986
Huisman, 1964
Huisman, 1964
Huisman, 1964
Sowada, 1994
Sowada, 1994
Schick, 1964
Rehfeld, 1967
Rehfeld, 1967
Rehfeld, 1967
Rehfeld, 1967
Rehfeld, 1967
Dahanayake, 1986
Dahanayake, 1986
Dahanayake, 1986
Dahanayake, 1986
Dahanayake, 1986
Mohle, 1993
Mohle, 1993
Mohle, 1993
Klevens, 1948
Klevens, 1948
Evans, 1956
Evans, 1956
Huisman, 1964
Varadaraj, 1992
Varadaraj, 1992
Elworthy, 1966
Flockhart, 1961
Rosen, 1966124
Rehfeld, 1967
Rehfeld, 1967
Vijayendran, 1979
Vijayendran, 1979
Vijayendran, 1979
Mysels, 1959
Meguro, 1956
Corkill, 1962
Mysels, 1959
Meguro, 1959
Mukerjee, 1967
Meguro, 1959
Götte, 1969
Lange, 1968
Flockhart, 1961
Götte, 1969
Evans, 1956
Götte, 1969
Götte, 1969
Götte, 1969
Götte, 1969
Götte, 1969
Götte, 1969
Götte, 1969
Evans, 1956
Evans, 1956
Evans, 1956
Dahanayake, 1986
Dahanayake, 1986
Dahanayake, 1986
Dahanayake, 1986
Dahanayake, 1986
Dahanayake, 1986
Götte, 1960
Götte, 1960
Varadaraj, 1991a
Varadaraj, 1991a
Jobe, 1984
Jobe, 1984
Jobe, 1984
Hikota, 1970
Hikota, 1970
Hikota, 1970
Hikota, 1970
Dahanayake, 1986
Dahanayake, 1986
Dahanayake, 1986
Dahanayake, 1986
Dahanayake, 1986
Rosen, 1996
Gotte, 1960
Dahanayake, 1986
Dahanayake, 1986
Dahanayake, 1986
Dahanayake, 1986
Rosen, 1996126
Van Os, 1991
Greshman, 1957
Murphy, 1990
Zhu, 1998
Zhu, 1998
Nave, 2000
Ohbu, 1998
Ohbu, 1998
Ohbu, 1998
Ohbu, 1998
Ohbu, 1998
Tsubone, 2001
Tsubone, 2001
Mizushima, 1999
Mizushima, 1999
Greshman, 1957
Greshman, 1957
Van Os, 1991
Van Os, 1991
Van Os, 1991
Zhu, 1998
Zhu, 1998
Williams, 1957
Williams, 1957
Jobe, 1984
William, 1957
Klevens, 1948
Klevens, 1948
Li, 2001
Sowada, 1994
Klevens, 1948
Rosen, 1996
Shinoda, 1964
Shinoda, 1977
Muzzalupo, 1995
Shinoda, 1977
Nakano, 2002
Muzzalupo, 1995
Shinoda, 1977
Downer, 1999
Lascaux, 1983
Lascaux, 1983
Zhu, 1998
Zhu, 1998
Zhu, 1998
Zhu, 1998
Zhu, 1998
Zhu, 1998128
Gorski, 2001
Gorski, 2001
Hover, 1961
Okuda, 1987
Varjara, 1996
Raston, 1947
Swanson, 1998
Skerjanc, 1999
Mehrian, 1993
Skerjanc, 1999
Rosen, 1982b
Rosen, 1982b
Rosen, 1982b
Rosen, 1982b
Rosen, 1982b
Rosen, 1982b
Rosen, 1982b
Tanaka, 1991
Tanaka, 1991
Anacker, 1963
Osugi, 1995
Li, 2001
Anacker, 1963
Anacker, 1963
Anacker, 1963
Lianos, 1982
Rosen, 1996
Rosen, 1982b
Rosen, 1982b
Rosen 1982b
Rosen 1982b
Rosen 1982b
Rosen 1982b
Rosen 1982b
Rosen 1982b
Rosen 1982b
Rosen 1982b
Rosen 1982b
Mandru, 1972
Skerjanc, 1999
Skerjanc, 1999
Mehrian, 1993
Mehrian, 1993
Skerjanc, 1999
Skerjanc, 1999
Hartley, 1938
Evers, 1948
Lianos, 1983
Lianos, 1983
Lianos, 1983
Lianos, 1983
Lianos, 1982
Venable, 1964
Lianos, 1982
Lianos, 1982
de Castillo, 2000
Rodriguez, 1995
Rodriguez, 1995
Omar, 1997
Tori, 1963a
Beckett, 1963
Chevalier, 1991
Zajac, 1997
Zajac, 1997
Beckett, 1963
Zajac, 1997
Corkill, 1966
Lange, 1971
Lange, 1971
Lange, 1971
Lange, 1971
Lange, 1971
Lange, 1971
Corkill, 1965
Lange, 1971
Lange, 1971
Corkill, 1963a
Lange, 1971
Lange, 1971
Omar, 1997
Omar, 1997
Lianos, 1983
Lianos, 1983
Chevalier, 1991
Chevalier, 1991
Tori, 1963a
Tori, 1963b
Tori, 1963b
Tori, 1963b
Amrhar, 1994
Amrhar, 1994
Zhao, 1984
Zhao, 1984
Zhao, 1984
Dahanayake, 1984
Dahanayake, 1984
Dahanayake, 1984
Rosen, 2001
Murphy, 1988
Murphy, 1988
Murphy, 1988
Murphy, 1988
Murphy, 1988
Murphy, 1988
Murphy, 1988
Zhu, 1985
Dahanayake, 1984
Zajac, 1997
Zajac, 1997
Zajac, 1997
Hermann, 1962132
Bocker, 1989
Bocker, 1989
Elworthy, 1964a
Elworthy, 1964a
Elworthy, 1964a
Elworthy, 1964a
Elworthy, 1964a
Elworthy, 1964a
Elworthy, 1964a
Elworthy, 1964a
Kwan, 1980
Kwan, 1980
Kwan, 1980
Kwan, 1980
Shinoda, 1961
Aveyard, 1998
Shinoda, 1961
Li, 2001
Bocker, 1989
Shinoda, 1961
Aveyard, 1988
Li, 2001
Bocker, 1989
Aveyard, 1998
Li, 2001
Balzer, 1993
Meguro, 1981
Meguro, 1981
Meguro, 1981
Elworthy, 1964a
Elworthy, 1964a
Meguro, 1981
Meguro, 1981
Meguro, 1981
Rosen, 1982a
Rosen, 1982a
Rosen, 1982a
Rosen, 1982a
Rosen, 1982a
Rosen, 1982a
Rosen, 1982a
Rosen, 1982a
Rosen, 1982a
Rosen, 1996
Shinoda, 1959
Corkill, 1964
Varadaraj, 1991b
Varadaraj, 1991b
Corkill, 1964
Elworthy, 1964a
Hudson, 1964
Eastoe, 1997
Corkill, 1964
Rosen, 1996
Rosen, 1982a
Rosen, 1982a
Rosen, 1982a
Rosen, 2001
Rosen, 1982a
Rosen, 1982a
Rosen, 1982a
Rosen, 1991
Rosen, 1991
Rosen, 1991
Lange, 1965
Lange, 1965
Varadaraj, 1991b
Varadaraj, 1991b
Varadaraj, 1991b
Varadaraj, 1991b
Meguro, 1981
Meguro, 1981
Meguro, 1981
Corkill, 1964
Rosen, 1982a
Rosen, 1982a
Rosen, 1982a
Varadaraj, 1991b
Varadaraj, 1991b
Corkill, 1961
Rosen, 1996
Rosen, 1996
Meguro, 1981
Meguro, 1981
Meguro, 1981
Rosen, 1996
Meguro, 1981
Meguro, 1981
Meguro, 1981
Rosen, 1996
Rosen, 1996
Elworthy, 1962
Elworthy, 1962
Elworthy, 1962
Elworthy, 1962
Elworthy, 1962
Crook, 1963
Crook, 1963
Crook, 1963
Crook, 1963
Crook, 1963
Crook, 1963
Crook, 1964
Crook, 1964
Crook, 1964
Voicu, 1994
Schick, 1965
Schick, 1965
Schick, 1965
Schick, 1965
Schick, 1965
Schick, 1965
Schick, 1965
Schick, 1965
Schick, 1965
Schick, 1965
Schick, 1965
Kucharski, 1974
Kucharski, 1974
Kucharski, 1974
Kucharski, 1974
Herrington, 1986
Herrington, 1986
Rosen, 1964
Hayes, 1980
Kjellin, 2002
Zhu, 1999
Zhu, 1999
Zhu, 1999
Zhu, 1999
Zhu, 1999
Zhu, 1999
Burczyk, 2001
Burczyk, 2001
Burczyk, 2001
Burczyk, 2001
Burczyk, 2001
Mathis, 1980
Mathis, 1980
Mathis, 1980
Matos, 1989
Matos, 1989
Matos, 1989
Matos, 1989
Tsubone, 2001
Tsubone, 2001
Tsubone, 2001
Tsubone, 2001
Tsubone, 2001
Shinoda, 1977
Shinoda, 1977
Shinoda, 1977
Dahanayake, 1986
Dahanayake, 1986
Dahanayake, 1986
Dahanayake, 1986
Dahanayake, 1986
Dahanayake, 1986
Dahanayake, 1986
Dahanayake, 1986
Dahanayake, 1986
Dahanayake, 1986
Rosen, 1968
Varadaraj, 1992
Varadaraj, 1992
Dahanayake, 1986
Dahanayake, 1986
Rehfeld, 1967
Rehfeld, 1967
Lange, 1964
Greiss, 1955
Murphy, 1990
Zhu, 1998
Zhu, 1998
Greiss, 1955
Zhu, 1998
Rehfeld, 1967
Rehfeld, 1967
Rehfeld, 1967
Lange, 1968
Dahanayake, 1986
Dahanayake, 1986
Dahanayake, 1986
Dahanayake, 1986
Dahanayake, 1986
Dahanayake, 1986
Dahanayake, 1986
Dahanayake, 1986
Lange, 1964
Lange, 1964
Zhu, 1998
Li, 2001
Zhu, 1985
Zhu, 1985
Li, 2001
Venable, 1964
Rosen, 1982b
Rosen, 1982b
Rosen, 1982b
Rosen, 1982b
Rosen, 1982b
Rosen, 1982b
Rosen, 1982b
Rosen, 1982b
Rosen, 1982b
Tsubone, 2001
Tsubone, 2001
Lange, 1964
Lange, 1964
Lascaux, 1983
Williams, 1957
Williams, 1957
Williams, 1957
Zhu, 1998
Zhu, 1998
Zhu, 1998154
Beckett, 1963
Zhao, 1984
Dahanayake, 1984
Dahanayake, 1984
Dahanayake, 1984
Tori, 1963b
Dahanayake, 1984
Beckett, 1963
Zhao, 1984
Dahanayake, 1984
Dahanayake, 1984
Dahanayake, 1984
Rosen, 2001
Tori, 1963b
Beckett, 1963
Zhao, 1984
Beckett, 1963
Corkill, 1983a
Corkill, 1983b
Rosen, 1964
Rosen, 1982b
Mandru, 1972
Shinoda, 1959
Kwan, 1980
Kwan, 1980
Kwan, 1980
Li, 2001
Li, 2001
Li, 2001
Rosen, 1964
Zhu, 1999
Zhu, 1999
Zhu, 1999
Zhu, 1999
Zhu, 1999
Burczyk, 2001
Burczyk, 2001
Burczyk, 2001
Burczyk, 2001
Burczyk, 2001
Varadaraj, 1991b
Varadaraj, 1991b
Varadaraj, 1991b
Meguro, 1981
Varadaraj, 1991b
Varadaraj, 1991b
Varadaraj, 1991b
Rosen, 1982a
Rosen, 1982a
Rosen, 1982a
Rosen, 1982a
Rosen, 1982a
Varadaraj, 1991
Rosen, 1982a
Rosen, 1982a
Rosen, 1982a
Rosen, 1982a
Rosen, 1982a
Rosen, 1982a
Varadaraj, 1991b
Varadaraj, 1991b
Varadaraj, 1991b
Varadaraj, 1991b
Varadaraj, 1991b
Meguro, 1981
Meguro, 1981
Meguro, 1981
Crook, 1964
Crook, 1964
Crook, 1964
Crook, 1964
Crook, 1964
Crook, 1964
Crook, 1964
Crook, 1964
